1,ロケットずつき, 
1,あまえる, 
1,はなびらのまい, 
1,マジカルリーフ, 
1,くさぶえ, 
1,のろい, 
1,ねをはる, 
1,しぜんのちから, 
1,ドわすれ, 
1,リーフストーム, 
1,パワーウィップ, 
1,ヘドロこうげき, 
1,こらえる, 
1,ギガドレイン, 
4,はらだいこ, 
4,げんしのちから, 
4,かみつく, 
4,げきりん, 
4,ふくろだたき, 
4,りゅうのまい, 
4,かみくだく, 
4,ドラゴンダイブ, 
4,メタルクロー, 
4,フレアドライブ, 
4,カウンター, 
4,りゅうのはどう, 
4,きあいパンチ, 
7,ミラーコート, 
7,くろいきり, 
7,しろいきり, 
7,みやぶる, 
7,じたばた, 
7,リフレッシュ, 
7,どろあそび, 
7,あくび, 
7,だくりゅう, 
7,ねこだまし, 
7,アクアリング, 
7,アクアジェット, 
7,しおふき, 
7,しおみず, 
16,おいうち, 
16,だましうち, 
16,みやぶる, 
16,はがねのつばさ, 
16,エアカッター, 
16,エアスラッシュ, 
16,ブレイブバード, 
16,さわぐ, 
16,きりばらい, 
19,いやなおと, 
19,かえんぐるま, 
19,みだれひっかき, 
19,かみつく, 
19,カウンター, 
19,きしかいせい, 
19,さわぐ, 
19,とっておき, 
19,さきどり, 
19,リベンジ, 
19,いのちがけ, 
21,だましうち, 
21,こわいかお, 
21,でんこうせっか, 
21,トライアタック, 
21,おどろかす, 
21,ゴッドバード, 
21,ふきとばし, 
21,さわぐ, 
21,フェザーダンス, 
21,はがねのつばさ, 
21,かまいたち, 
23,おいうち, 
23,たたきつける, 
23,うらみ, 
23,ふくろだたき, 
23,どくどくのキバ, 
23,こわいかお, 
23,ポイズンテール, 
23,かなしばり, 
23,すりかえ, 
23,アイアンテール, 
23,ふいうち, 
23,よこどり, 
27,じたばた, 
27,カウンター, 
27,こうそくスピン, 
27,メタルクロー, 
27,ブレイククロー, 
27,つじぎり, 
27,マッドショット, 
27,こらえる, 
27,なしくずし, 
27,ロッククライム, 
29,ちょうおんぱ, 
29,かなしばり, 
29,とっしん, 
29,きあいだめ, 
29,あまえる, 
29,カウンター, 
29,ふくろだたき, 
29,おいうち, 
29,ロケットずつき, 
29,アイアンテール, 
29,ポイズンテール, 
29,こらえる, 
29,なしくずし, 
32,カウンター, 
32,かなしばり, 
32,ちょうおんぱ, 
32,とっしん, 
32,ドわすれ, 
32,ねんりき, 
32,ふくろだたき, 
32,ふいうち, 
32,もろはのずつき, 
32,アイアンテール, 
32,ポイズンテール, 
32,こらえる, 
32,なしくずし, 
37,だましうち, 
37,さいみんじゅつ, 
37,じたばた, 
37,うらみ, 
37,かなしばり, 
37,とおぼえ, 
37,ねっぷう, 
37,フレアドライブ, 
37,じんつうりき, 
37,パワースワップ, 
37,ひみつのちから, 
37,たたりめ, 
37,スイープビンタ, 
41,でんこうせっか, 
41,おいうち, 
41,だましうち, 
41,かぜおこし, 
41,ふきとばし, 
41,のろい, 
41,わるだくみ, 
41,さいみんじゅつ, 
41,しねんのずつき, 
41,ブレイブバード, 
41,ギガドレイン, 
41,はがねのつばさ, 
41,きりばらい, 
43,はっぱカッター, 
43,じたばた, 
43,こうごうせい, 
43,あまえる, 
43,ねをはる, 
43,くすぐる, 
43,フラフラダンス, 
43,ひみつのちから, 
43,しぜんのちから, 
43,おさきにどうぞ, 
46,いやなおと, 
46,カウンター, 
46,サイケこうせん, 
46,じたばた, 
46,あまいかおり, 
46,おいうち, 
46,メタルクロー, 
46,むしくい, 
46,クロスポイズン, 
46,こうそくいどう, 
46,こらえる, 
46,しぜんのめぐみ, 
46,やどりぎのタネ, 
48,バトンタッチ, 
48,いやなおと, 
48,ギガドレイン, 
48,シグナルビーム, 
48,こうそくいどう, 
48,あさのひざし, 
48,どくびし, 
48,むしくい, 
48,ひみつのちから, 
48,スキルスワップ, 
48,いかりのこな, 
50,だましうち, 
50,いやなおと, 
50,げんしのちから, 
50,おいうち, 
50,ふくろだたき, 
50,さわぐ, 
50,どろばくだん, 
50,おどろかす, 
50,きしかいせい, 
50,ずつき, 
50,こらえる, 
50,いのちがけ, 
50,おきみやげ, 
52,うらみ, 
52,あまえる, 
52,さいみんじゅつ, 
52,ドわすれ, 
52,ねこのて, 
52,かぎわける, 
52,じたばた, 
52,とっておき, 
52,おしおき, 
52,しっぽをふる, 
52,よこどり, 
52,アイアンテール, 
52,イカサマ, 
54,さいみんじゅつ, 
54,サイケこうせん, 
54,みやぶる, 
54,みらいよち, 
54,クロスチョップ, 
54,リフレッシュ, 
54,あやしいひかり, 
54,あくび, 
54,どろばくだん, 
54,アンコール, 
54,ひみつのちから, 
54,ねごと, 
54,シンクロノイズ, 
56,みやぶる, 
56,ヨガのポーズ, 
56,カウンター, 
56,きしかいせい, 
56,ふくろだたき, 
56,リベンジ, 
56,きつけ, 
56,インファイト, 
56,アンコール, 
56,きあいパンチ, 
56,ねごと, 
58,のしかかり, 
58,かみくだく, 
58,あばれる, 
58,ほのおのうず, 
58,とおぼえ, 
58,ねっぷう, 
58,すてみタックル, 
58,フレアドライブ, 
58,あさのひざし, 
58,ほしがる, 
58,アイアンテール, 
58,にどげり, 
58,インファイト, 
60,しろいきり, 
60,はねる, 
60,バブルこうせん, 
60,くろいきり, 
60,こころのめ, 
60,みずあそび, 
60,アイスボール, 
60,マッドショット, 
60,リフレッシュ, 
60,がむしゃら, 
60,アンコール, 
60,こらえる, 
60,みずのはどう, 
63,アンコール, 
63,バリアー, 
63,はたきおとす, 
63,ほのおのパンチ, 
63,かみなりパンチ, 
63,れいとうパンチ, 
63,パワートリック, 
63,ガードスワップ, 
63,スキルスワップ, 
63,ガードシェア, 
66,ヨガのポーズ, 
66,まわしげり, 
66,アンコール, 
66,きつけ, 
66,カウンター, 
66,インファイト, 
66,ほのおのパンチ, 
66,かみなりパンチ, 
66,れいとうパンチ, 
66,バレットパンチ, 
66,パワートリック, 
66,ヘビーボンバー, 
66,はたきおとす, 
66,くすぐる, 
69,アンコール, 
69,こうごうせい, 
69,きゅうけつ, 
69,ねをはる, 
69,マジカルリーフ, 
69,なやみのタネ, 
69,くすぐる, 
69,ウェザーボール, 
69,タネマシンガン, 
69,しぜんのめぐみ, 
69,ギガドレイン, 
69,クリアスモッグ, 
69,パワーウィップ, 
72,オーロラビーム, 
72,ミラーコート, 
72,こうそくスピン, 
72,くろいきり, 
72,あやしいひかり, 
72,はたきおとす, 
72,つぼをつく, 
72,だくりゅう, 
72,あわ, 
72,アクアリング, 
72,くすぐる, 
74,メガトンパンチ, 
74,とおせんぼう, 
74,アームハンマー, 
74,じたばた, 
74,のろい, 
74,きあいパンチ, 
74,ロッククライム, 
74,こらえる, 
74,ボディパージ, 
77,かえんぐるま, 
77,あばれる, 
77,にどげり, 
77,さいみんじゅつ, 
77,あまえる, 
77,すてみタックル, 
77,つのドリル, 
77,あさのひざし, 
77,けたぐり, 
77,ゆうわく, 
79,はらだいこ, 
79,みらいよち, 
79,ふみつけ, 
79,どろあそび, 
79,ねごと, 
79,いびき, 
79,さきどり, 
79,とおせんぼう, 
79,しねんのずつき, 
79,ワンダールーム, 
83,はがねのつばさ, 
83,みやぶる, 
83,オウムがえし, 
83,かぜおこし, 
83,でんこうせっか, 
83,じたばた, 
83,フェザーダンス, 
83,のろい, 
83,ほしがる, 
83,どろかけ, 
83,つじぎり, 
83,リーフブレード, 
83,リベンジ, 
83,はねやすめ, 
83,きりふだ, 
84,でんこうせっか, 
84,ちょうおんぱ, 
84,くろいきり, 
84,だましうち, 
84,じたばた, 
84,がむしゃら, 
84,オウムがえし, 
84,ブレイブバード, 
84,しぜんのめぐみ, 
84,ダメおし, 
86,したでなめる, 
86,ほろびのうた, 
86,かなしばり, 
86,つのドリル, 
86,たたきつける, 
86,アンコール, 
86,ねこだまし, 
86,つららばり, 
86,シグナルビーム, 
86,たくわえる, 
86,のみこむ, 
86,はきだす, 
86,みずのはどう, 
86,アイアンテール, 
86,ねごと, 
88,くろいきり, 
88,くろいまなざし, 
88,したでなめる, 
88,ふういん, 
88,のろい, 
88,シャドーパンチ, 
88,かげうち, 
88,たくわえる, 
88,のみこむ, 
88,はきだす, 
88,こわいかお, 
88,アシッドボム, 
90,バブルこうせん, 
90,とっしん, 
90,バリアー, 
90,こうそくスピン, 
90,いやなおと, 
90,つららばり, 
90,マッドショット, 
90,ロックブラスト, 
90,みずのはどう, 
90,アクアリング, 
90,ゆきなだれ, 
90,ダブルニードル, 
92,サイコウェーブ, 
92,ほろびのうた, 
92,くろいきり, 
92,おどろかす, 
92,おんねん, 
92,ほのおのパンチ, 
92,れいとうパンチ, 
92,かみなりパンチ, 
92,かなしばり, 
92,こわいかお, 
92,クリアスモッグ, 
92,スモッグ, 
95,じたばた, 
95,とおせんぼう, 
95,まるくなる, 
95,ころがる, 
95,ロックブラスト, 
95,ロッククライム, 
95,ヘビーボンバー, 
95,ステルスロック, 
96,バリアー, 
96,ねこのて, 
96,なりきり, 
96,ほのおのパンチ, 
96,かみなりパンチ, 
96,れいとうパンチ, 
96,わるだくみ, 
96,おだてる, 
96,サイコカッター, 
96,ガードスワップ, 
96,ひみつのちから, 
96,スキルスワップ, 
98,くろいきり, 
98,ドわすれ, 
98,じたばた, 
98,たたきつける, 
98,はたきおとす, 
98,くすぐる, 
98,げんしのちから, 
98,こうそくいどう, 
98,こらえる, 
98,なしくずし, 
98,がまん, 
102,こうごうせい, 
102,つきのひかり, 
102,げんしのちから, 
102,ねをはる, 
102,のろい, 
102,しぜんのちから, 
102,おまじない, 
102,リーフストーム, 
102,パワースワップ, 
102,ギガドレイン, 
102,スキルスワップ, 
102,しぜんのめぐみ, 
102,とおせんぼう, 
104,げんしのちから, 
104,はらだいこ, 
104,いやなおと, 
104,ロケットずつき, 
104,ほろびのうた, 
104,にどげり, 
104,アイアンヘッド, 
104,みきり, 
104,こらえる, 
104,なしくずし, 
108,はらだいこ, 
108,マグニチュード, 
108,のしかかり, 
108,のろい, 
108,きつけ, 
108,ねごと, 
108,いびき, 
108,ドわすれ, 
108,アームハンマー, 
108,だくりゅう, 
108,しねんのずつき, 
109,いやなおと, 
109,サイコウェーブ, 
109,サイケこうせん, 
109,みちづれ, 
109,いたみわけ, 
109,おんねん, 
109,うらみ, 
109,のろい, 
109,たくわえる, 
109,のみこむ, 
109,はきだす, 
111,かみくだく, 
111,きしかいせい, 
111,カウンター, 
111,マグニチュード, 
111,のろい, 
111,ブレイククロー, 
111,ドラゴンダイブ, 
111,こおりのキバ, 
111,ほのおのキバ, 
111,かみなりのキバ, 
111,ロケットずつき, 
111,アイアンテール, 
111,ロッククライム, 
113,プレゼント, 
113,ゆびをふる, 
113,いやしのすず, 
113,アロマセラピー, 
113,カウンター, 
113,てだすけ, 
113,じゅうりょく, 
113,どろばくだん, 
113,しぜんのめぐみ, 
113,こらえる, 
114,じたばた, 
114,ねんりき, 
114,メガドレイン, 
114,ドわすれ, 
114,やどりぎのタネ, 
114,しぜんのちから, 
114,がむしゃら, 
114,リーフストーム, 
114,パワースワップ, 
114,ギガドレイン, 
114,いかりのこな, 
114,しぜんのめぐみ, 
115,ふみつけ, 
115,みやぶる, 
115,きあいだめ, 
115,かなしばり, 
115,カウンター, 
115,ブレイククロー, 
115,すてみタックル, 
115,がむしゃら, 
115,アームハンマー, 
115,きあいパンチ, 
115,きりふだ, 
115,さわぐ, 
115,ともえなげ, 
116,じたばた, 
116,オーロラビーム, 
116,オクタンほう, 
116,かなしばり, 
116,はねる, 
116,りゅうのいかり, 
116,りゅうのいぶき, 
116,シグナルビーム, 
116,かまいたち, 
116,だくりゅう, 
116,みずのはどう, 
116,クリアスモッグ, 
116,げきりん, 
118,サイケこうせん, 
118,くろいきり, 
118,ハイドロポンプ, 
118,ねごと, 
118,どろあそび, 
118,どろかけ, 
118,アクアテール, 
118,のしかかり, 
118,マッドショット, 
118,ロケットずつき, 
118,シグナルビーム, 
122,みらいよち, 
122,さいみんじゅつ, 
122,ものまね, 
122,ねこだまし, 
122,トリック, 
122,あやしいひかり, 
122,めざましビンタ, 
122,フラフラダンス, 
122,わるだくみ, 
122,パワーシェア, 
122,マジックルーム, 
122,こごえるかぜ, 
123,カウンター, 
123,バトンタッチ, 
123,かまいたち, 
123,きしかいせい, 
123,こらえる, 
123,ぎんいろのかぜ, 
123,むしのさざめき, 
123,つじぎり, 
123,きりばらい, 
123,はがねのつばさ, 
127,みだれづき, 
127,じたばた, 
127,だましうち, 
127,でんこうせっか, 
127,インファイト, 
127,フェイント, 
127,さきどり, 
127,むしくい, 
127,ばかぢから, 
131,みやぶる, 
131,くすぐる, 
131,リフレッシュ, 
131,りゅうのまい, 
131,のろい, 
131,ねごと, 
131,つのドリル, 
131,げんしのちから, 
131,うずしお, 
131,じわれ, 
131,りゅうのはどう, 
131,ゆきなだれ, 
131,みらいよち, 
133,あまえる, 
133,じたばた, 
133,こらえる, 
133,のろい, 
133,くすぐる, 
133,ねがいごと, 
133,あくび, 
133,うそなき, 
133,ほしがる, 
133,みきり, 
133,しぜんのめぐみ, 
133,アシストパワー, 
133,シンクロノイズ, 
138,バブルこうせん, 
138,オーロラビーム, 
138,たたきつける, 
138,ちょうおんぱ, 
138,くろいきり, 
138,まきびし, 
138,はたきおとす, 
138,しぼりとる, 
138,どくびし, 
138,だくりゅう, 
138,がまん, 
138,みずのはどう, 
138,うずしお, 
140,バブルこうせん, 
140,オーロラビーム, 
140,こうそくスピン, 
140,じたばた, 
140,はたきおとす, 
140,あやしいひかり, 
140,マッドショット, 
140,こごえるかぜ, 
140,いやなおと, 
140,ギガドレイン, 
140,みやぶる, 
142,ふきとばし, 
142,おいうち, 
142,みやぶる, 
142,はがねのつばさ, 
142,りゅうのいぶき, 
142,のろい, 
142,ダメおし, 
142,はねやすめ, 
142,おいかぜ, 
143,したでなめる, 
143,あまえる, 
143,すてみタックル, 
143,のろい, 
143,じわれ, 
143,ふきとばし, 
143,おいうち, 
143,カウンター, 
143,しぜんのめぐみ, 
143,おさきにどうぞ, 
147,しろいきり, 
147,くろいきり, 
147,ちょうおんぱ, 
147,りゅうのいぶき, 
147,りゅうのまい, 
147,ドラゴンダイブ, 
147,しんそく, 
147,みずのはどう, 
147,アクアジェット, 
147,りゅうのはどう, 
147,アイアンテール, 
152,つるのムチ, 
152,やどりぎのタネ, 
152,カウンター, 
152,げんしのちから, 
152,じたばた, 
152,しぜんのちから, 
152,ねをはる, 
152,くさぶえ, 
152,リーフストーム, 
152,アロマセラピー, 
152,しぼりとる, 
152,のしかかり, 
152,リフレッシュ, 
152,いやしのはどう, 
155,みだれひっかき, 
155,でんこうせっか, 
155,きしかいせい, 
155,あばれる, 
155,みやぶる, 
155,ほしがる, 
155,とおぼえ, 
155,ブレイククロー, 
155,すてみタックル, 
155,にどげり, 
155,フレアドライブ, 
155,じんつうりき, 
155,しぜんのちから, 
155,はじけるほのお, 
158,かみくだく, 
158,あばれる, 
158,ハイドロポンプ, 
158,げんしのちから, 
158,どろあそび, 
158,みずあそび, 
158,れいとうパンチ, 
158,メタルクロー, 
158,りゅうのまい, 
158,アクアジェット, 
158,うそなき, 
158,とおせんぼう, 
158,みずのはどう, 
161,すてみタックル, 
161,おいうち, 
161,きりさく, 
161,きあいだめ, 
161,きしかいせい, 
161,トリック, 
161,ねこのて, 
161,とっておき, 
161,あまえる, 
161,ほしがる, 
161,しぜんのめぐみ, 
161,アイアンテール, 
163,オウムがえし, 
163,ちょうおんぱ, 
163,だましうち, 
163,つばさでうつ, 
163,ふきとばし, 
163,ゴッドバード, 
163,フェザーダンス, 
163,こうそくいどう, 
163,ナイトヘッド, 
163,きりばらい, 
165,サイケこうせん, 
165,がまん, 
165,ぎんいろのかぜ, 
165,むしのさざめき, 
165,いやなおと, 
165,アンコール, 
165,はたきおとす, 
165,むしくい, 
165,きあいパンチ, 
165,ドレインパンチ, 
165,ピヨピヨパンチ, 
167,サイケこうせん, 
167,かなしばり, 
167,ソニックブーム, 
167,バトンタッチ, 
167,おいうち, 
167,シグナルビーム, 
167,どくびし, 
167,ダブルニードル, 
167,エレキネット, 
167,いかりのこな, 
167,つじぎり, 
170,じたばた, 
170,いやなおと, 
170,ドわすれ, 
170,サイケこうせん, 
170,うずしお, 
170,こうそくいどう, 
170,しろいきり, 
170,でんげきは, 
170,しおみず, 
170,みずのはどう, 
172,きしかいせい, 
172,がまん, 
172,プレゼント, 
172,アンコール, 
172,おうふくビンタ, 
172,ねがいごと, 
172,じゅうでん, 
172,ねこだまし, 
172,かみなりパンチ, 
172,くすぐる, 
172,じたばた, 
172,こらえる, 
172,おまじない, 
172,ギフトパス, 
173,プレゼント, 
173,ゆびをふる, 
173,ドわすれ, 
173,はらだいこ, 
173,はねる, 
173,ものまね, 
173,ねがいごと, 
173,うそなき, 
173,ほしがる, 
173,アロマセラピー, 
173,アシストパワー, 
173,くすぐる, 
174,ほろびのうた, 
174,プレゼント, 
174,だましうち, 
174,ねがいごと, 
174,うそなき, 
174,とっておき, 
174,ほしがる, 
174,じゅうりょく, 
174,ねごと, 
174,ゆうわく, 
174,おしおき, 
175,プレゼント, 
175,オウムがえし, 
175,つつく, 
175,みやぶる, 
175,みらいよち, 
175,わるだくみ, 
175,サイコシフト, 
175,おまじない, 
175,じんつうりき, 
175,ひみつのちから, 
175,アシストパワー, 
175,あさのひざし, 
177,くろいきり, 
177,ドリルくちばし, 
177,でんこうせっか, 
177,だましうち, 
177,はがねのつばさ, 
177,フェザーダンス, 
177,リフレッシュ, 
177,しねんのずつき, 
177,ふいうち, 
177,シンクロノイズ, 
177,はねやすめ, 
177,スキルスワップ, 
179,とっしん, 
179,のしかかり, 
179,いやなおと, 
179,かぎわける, 
179,じゅうでん, 
179,おだてる, 
179,すなかけ, 
179,アイアンテール, 
179,おさきにどうぞ, 
179,こうそくいどう, 
183,プレゼント, 
183,ドわすれ, 
183,みらいよち, 
183,はらだいこ, 
183,ほろびのうた, 
183,ちょうおんぱ, 
183,アクアジェット, 
183,ばかぢから, 
183,リフレッシュ, 
183,のしかかり, 
183,みずあそび, 
183,だくりゅう, 
185,じばく, 
185,ずつき, 
185,かたくなる, 
185,まるくなる, 
185,ころがる, 
185,すなじごく, 
185,ステルスロック, 
185,のろい, 
185,こらえる, 
187,ねんりき, 
187,アンコール, 
187,すてみタックル, 
187,ドわすれ, 
187,てだすけ, 
187,アロマセラピー, 
187,なやみのタネ, 
187,コットンガード, 
187,タネばくだん, 
187,こらえる, 
190,カウンター, 
190,いやなおと, 
190,おいうち, 
190,こうそくいどう, 
190,うらみ, 
190,たたきつける, 
190,おうふくビンタ, 
190,ふくろだたき, 
190,ねこだまし, 
190,ほしがる, 
190,とびはねる, 
190,リベンジ, 
190,すりかえ, 
191,くさぶえ, 
191,アンコール, 
191,やどりぎのタネ, 
191,しぜんのちから, 
191,のろい, 
191,てだすけ, 
191,ねをはる, 
191,あまいかおり, 
191,こらえる, 
191,がまん, 
191,しぜんのめぐみ, 
191,あさのひざし, 
193,ふきとばし, 
193,きしかいせい, 
193,きゅうけつ, 
193,シグナルビーム, 
193,ぎんいろのかぜ, 
193,フェイント, 
193,だましうち, 
193,おいうち, 
193,すてみタックル, 
193,ひみつのちから, 
194,のしかかり, 
194,げんしのちから, 
194,のろい, 
194,どろあそび, 
194,たくわえる, 
194,のみこむ, 
194,はきだす, 
194,カウンター, 
194,アンコール, 
194,にどげり, 
194,じこさいせい, 
194,おさきにどうぞ, 
194,ねごと, 
194,アシッドボム, 
198,ふきとばし, 
198,ドリルくちばし, 
198,オウムがえし, 
198,つばさでうつ, 
198,ゴッドバード, 
198,あやしいひかり, 
198,フェザーダンス, 
198,ほろびのうた, 
198,サイコシフト, 
198,いやなおと, 
198,だましうち, 
198,ブレイブバード, 
198,はねやすめ, 
198,ダメおし, 
200,いやなおと, 
200,みちづれ, 
200,ふういん, 
200,おきみやげ, 
200,ふいうち, 
200,かげうち, 
200,のろい, 
200,うらみ, 
200,あやしいかぜ, 
200,わるだくみ, 
200,スキルスワップ, 
200,ワンダールーム, 
203,とっしん, 
203,ドわすれ, 
203,みやぶる, 
203,みらいよち, 
203,ふくろだたき, 
203,ねがいごと, 
203,マジックコート, 
203,にどげり, 
203,ミラーコート, 
203,かまいたち, 
203,スキルスワップ, 
203,ひみつのちから, 
203,くろいまなざし, 
204,ミサイルばり, 
204,じたばた, 
204,スピードスター, 
204,カウンター, 
204,すなじごく, 
204,リベンジ, 
204,すてみタックル, 
204,どくびし, 
204,パワートリック, 
204,こらえる, 
204,ステルスロック, 
206,がまん, 
206,げんしのちから, 
206,かみつく, 
206,ずつき, 
206,おどろかす, 
206,のろい, 
206,きりふだ, 
206,マジックコート, 
206,いびき, 
206,こうそくいどう, 
206,ひみつのちから, 
206,ねごと, 
206,たたりめ, 
207,メタルクロー, 
207,つばさでうつ, 
207,かまいたち, 
207,カウンター, 
207,すなじごく, 
207,こうそくいどう, 
207,バトンタッチ, 
207,すてみタックル, 
207,フェイント, 
207,つじぎり, 
207,クロスポイズン, 
207,パワートリック, 
207,ロッククライム, 
207,ポイズンテール, 
209,ゆびをふる, 
209,だましうち, 
209,プレゼント, 
209,かみくだく, 
209,いやしのすず, 
209,いびき, 
209,きつけ, 
209,インファイト, 
209,こおりのキバ, 
209,ほのおのキバ, 
209,かみなりのキバ, 
209,きあいパンチ, 
209,すてみタックル, 
209,ものまね, 
211,じたばた, 
211,くろいきり, 
211,バブルこうせん, 
211,ちょうおんぱ, 
211,おどろかす, 
211,シグナルビーム, 
211,アクアジェット, 
211,みずのはどう, 
211,しおみず, 
211,アシッドボム, 
213,あまいかおり, 
213,はたきおとす, 
213,てだすけ, 
213,つぼをつく, 
213,すなじごく, 
213,どろかけ, 
213,ようかいえき, 
213,ロックブラスト, 
213,いのちがけ, 
214,かたくなる, 
214,がまん, 
214,じたばた, 
214,リベンジ, 
214,おいうち, 
214,すてみタックル, 
214,ちきゅうなげ, 
214,きあいパンチ, 
214,メガホーン, 
215,カウンター, 
215,うらみ, 
215,みやぶる, 
215,かみつく, 
215,ブレイククロー, 
215,ねこだまし, 
215,ダブルアタック, 
215,おしおき, 
215,おいうち, 
215,こおりのつぶて, 
215,れいとうパンチ, 
215,ねこのて, 
215,ゆきなだれ, 
215,フェイント, 
216,かみくだく, 
216,とっしん, 
216,ちきゅうなげ, 
216,カウンター, 
216,メタルクロー, 
216,うそなき, 
216,あくび, 
216,ねごと, 
216,クロスチョップ, 
216,すてみタックル, 
216,インファイト, 
216,つじぎり, 
216,はらだいこ, 
216,なしくずし, 
218,とける, 
218,ねっぷう, 
218,のろい, 
218,えんまく, 
218,おきみやげ, 
218,たくわえる, 
218,はきだす, 
218,のみこむ, 
218,ころがる, 
218,れんごく, 
218,だいちのちから, 
220,とっしん, 
220,かみつく, 
220,のしかかり, 
220,げんしのちから, 
220,マッドショット, 
220,つららばり, 
220,すてみタックル, 
220,じわれ, 
220,のろい, 
220,ゆきなだれ, 
220,ステルスロック, 
220,つららおとし, 
222,いやなおと, 
222,しろいきり, 
222,ドわすれ, 
222,バリアー, 
222,ねをはる, 
222,あやしいひかり, 
222,つららばり, 
222,しぜんのちから, 
222,アクアリング, 
222,のろい, 
222,がまん, 
222,みずのはどう, 
222,もろはのずつき, 
223,オーロラビーム, 
223,オクタンほう, 
223,ちょうおんぱ, 
223,くろいきり, 
223,いやなおと, 
223,ロックブラスト, 
223,いびき, 
223,じたばた, 
223,しおふき, 
223,マッドショット, 
223,スピードスター, 
223,アシッドボム, 
223,みずのはどう, 
225,オーロラビーム, 
225,でんこうせっか, 
225,みらいよち, 
225,はねる, 
225,こうそくスピン, 
225,アイスボール, 
225,こおりのつぶて, 
225,れいとうパンチ, 
225,ねこだまし, 
225,ギフトパス, 
225,こごえるかぜ, 
226,たつまき, 
226,ハイドロポンプ, 
226,くろいきり, 
226,たたきつける, 
226,どろあそび, 
226,ミラーコート, 
226,みずあそび, 
226,はねる, 
226,ワイドガード, 
226,ドわすれ, 
227,ドリルくちばし, 
227,おいうち, 
227,ふきとばし, 
227,ゴッドバード, 
227,のろい, 
227,ブレイブバード, 
227,ダメおし, 
227,ガードスワップ, 
227,ステルスロック, 
227,こらえる, 
228,ほのおのうず, 
228,いかり, 
228,おいうち, 
228,カウンター, 
228,うらみ, 
228,きしかいせい, 
228,ふくろだたき, 
228,ほのおのキバ, 
228,かみなりのキバ, 
228,わるだくみ, 
228,おしおき, 
228,フェイント, 
228,ふいうち, 
231,きあいだめ, 
231,のしかかり, 
231,げんしのちから, 
231,いびき, 
231,カウンター, 
231,じわれ, 
231,がむしゃら, 
231,こおりのつぶて, 
231,もろはのずつき, 
231,どろかけ, 
231,ヘビーボンバー, 
234,うらみ, 
234,かなしばり, 
234,かみつく, 
234,じんつうりき, 
234,あばれる, 
234,にどげり, 
234,しねんのずつき, 
234,メガホーン, 
234,どろあそび, 
234,いかり, 
234,さきどり, 
236,こうそくスピン, 
236,とびひざげり, 
236,マッハパンチ, 
236,こころのめ, 
236,てだすけ, 
236,カウンター, 
236,しんくうは, 
236,バレットパンチ, 
236,こらえる, 
236,おいうち, 
236,フェイント, 
238,ヨガのポーズ, 
238,ねこだまし, 
238,ねがいごと, 
238,れいとうパンチ, 
238,ミラクルアイ, 
238,わるだくみ, 
238,めざましビンタ, 
238,ゆうわく, 
239,からてチョップ, 
239,バリアー, 
239,まわしげり, 
239,ヨガのポーズ, 
239,クロスチョップ, 
239,ほのおのパンチ, 
239,れいとうパンチ, 
239,ばくれつパンチ, 
239,フェイント, 
239,アームハンマー, 
239,きあいパンチ, 
240,からてチョップ, 
240,メガトンパンチ, 
240,バリアー, 
240,いやなおと, 
240,クロスチョップ, 
240,かみなりパンチ, 
240,マッハパンチ, 
240,ばくれつパンチ, 
240,フレアドライブ, 
240,はらだいこ, 
240,アイアンテール, 
240,きあいだめ, 
241,プレゼント, 
241,きしかいせい, 
241,ちきゅうなげ, 
241,こらえる, 
241,のろい, 
241,てだすけ, 
241,ねごと, 
241,ピヨピヨパンチ, 
241,アームハンマー, 
241,すてみタックル, 
241,おしおき, 
241,しぜんのめぐみ, 
241,ハートスタンプ, 
246,おいうち, 
246,ふみつけ, 
246,げきりん, 
246,きあいだめ, 
246,げんしのちから, 
246,りゅうのまい, 
246,のろい, 
246,てっぺき, 
246,ダメおし, 
246,アイアンヘッド, 
246,ステルスロック, 
246,アイアンテール, 
252,かみくだく, 
252,どろあそび, 
252,がむしゃら, 
252,やどりぎのタネ, 
252,りゅうのいぶき, 
252,ブレイククロー, 
252,なやみのタネ, 
252,にどげり, 
252,くさぶえ, 
252,こうごうせい, 
252,マジカルリーフ, 
252,リーフストーム, 
252,かまいたち, 
252,タネマシンガン, 
252,しぜんのめぐみ, 
255,カウンター, 
255,きしかいせい, 
255,こらえる, 
255,きつけ, 
255,ブレイククロー, 
255,バトンタッチ, 
255,こうそくいどう, 
255,つじぎり, 
255,とっておき, 
255,フェイント, 
255,フェザーダンス, 
255,のろい, 
255,はじけるほのお, 
255,けたぐり, 
258,リフレッシュ, 
258,さわぐ, 
258,のろい, 
258,ふみつけ, 
258,アイスボール, 
258,ミラーコート, 
258,カウンター, 
258,げんしのちから, 
258,うずしお, 
258,かみつく, 
258,すてみタックル, 
258,どろばくだん, 
258,あくび, 
258,ヘドロこうげき, 
258,ゆきなだれ, 
258,ワイドガード, 
261,おどろかす, 
261,どくどくのキバ, 
261,ほしがる, 
261,にらみつける, 
261,あくび, 
261,ふいうち, 
261,こおりのキバ, 
261,ほのおのキバ, 
261,かみなりのキバ, 
261,さきどり, 
261,よこどり, 
261,ねごと, 
263,あまえる, 
263,おいうち, 
263,くすぐる, 
263,トリック, 
263,てだすけ, 
263,どろかけ, 
263,ねごと, 
263,ロッククライム, 
263,シンプルビーム, 
270,こうごうせい, 
270,はっぱカッター, 
270,あまいかおり, 
270,やどりぎのタネ, 
270,じたばた, 
270,みずでっぽう, 
270,くすぐる, 
270,カウンター, 
270,ギガドレイン, 
270,フラフラダンス, 
273,やどりぎのタネ, 
273,ドわすれ, 
273,でんこうせっか, 
273,かまいたち, 
273,とっしん, 
273,なやみのタネ, 
273,わるだくみ, 
273,パワースワップ, 
273,きりばらい, 
273,イカサマ, 
273,ふくろだたき, 
273,タネマシンガン, 
276,おいうち, 
276,ちょうおんぱ, 
276,リフレッシュ, 
276,オウムがえし, 
276,いかり, 
276,ゴッドバード, 
276,ふきとばし, 
276,ブレイブバード, 
276,はねやすめ, 
276,はがねのつばさ, 
276,きりばらい, 
278,しろいきり, 
278,たつまき, 
278,こうそくいどう, 
278,かぜおこし, 
278,みずあそび, 
278,アクアリング, 
278,はたきおとす, 
278,しおみず, 
278,はねやすめ, 
280,かなしばり, 
280,くろいまなざし, 
280,おきみやげ, 
280,みちづれ, 
280,おんねん, 
280,かげうち, 
280,あやしいひかり, 
280,アンコール, 
280,シンクロノイズ, 
280,スキルスワップ, 
283,みやぶる, 
283,マッドショット, 
283,サイケこうせん, 
283,ハイドロポンプ, 
283,こころのめ, 
283,シグナルビーム, 
283,むしくい, 
283,アクアジェット, 
283,こらえる, 
285,うそなき, 
285,あまえる, 
285,てだすけ, 
285,なやみのタネ, 
285,めざましビンタ, 
285,タネばくだん, 
285,タネマシンガン, 
285,きあいパンチ, 
285,しぜんのめぐみ, 
285,ドレインパンチ, 
287,おいうち, 
287,きりさく, 
287,のしかかり, 
287,いびき, 
287,ブレイククロー, 
287,のろい, 
287,ねごと, 
287,アームハンマー, 
287,つじぎり, 
287,おさきにどうぞ, 
287,くすぐる, 
290,こらえる, 
290,だましうち, 
290,かぜおこし, 
290,ぎんいろのかぜ, 
290,むしのさざめき, 
290,つじぎり, 
290,むしくい, 
290,いのちがけ, 
293,とっしん, 
293,いびき, 
293,じんつうりき, 
293,きつけ, 
293,えんまく, 
293,がむしゃら, 
293,アームハンマー, 
293,うそなき, 
293,ともえなげ, 
296,だましうち, 
296,みきり, 
296,みやぶる, 
296,てだすけ, 
296,クロスチョップ, 
296,リベンジ, 
296,ばくれつパンチ, 
296,カウンター, 
296,めざましビンタ, 
296,バレットパンチ, 
296,フェイント, 
296,ワイドガード, 
296,きあいパンチ, 
296,なしくずし, 
298,アンコール, 
298,うたう, 
298,リフレッシュ, 
298,たたきつける, 
298,くすぐる, 
298,うそなき, 
298,のしかかり, 
298,みずあそび, 
298,みずびたし, 
298,だくりゅう, 
299,マグニチュード, 
299,ころがる, 
299,すてみタックル, 
299,とおせんぼう, 
299,ステルスロック, 
299,こらえる, 
300,てだすけ, 
300,さわぐ, 
300,うそなき, 
300,ねがいごと, 
300,バトンタッチ, 
300,くすぐる, 
300,とっておき, 
300,ねこだまし, 
300,しねんのずつき, 
300,ふいうち, 
300,どろばくだん, 
300,シンプルビーム, 
300,ゆうわく, 
302,じこさいせい, 
302,つきのひかり, 
302,わるだくみ, 
302,おだてる, 
302,フェイント, 
302,ふいうち, 
302,トリック, 
302,ゆうわく, 
302,くろいまなざし, 
302,メタルバースト, 
303,どくどくのキバ, 
303,げんしのちから, 
303,くすぐる, 
303,ふいうち, 
303,こおりのキバ, 
303,ほのおのキバ, 
303,かみなりのキバ, 
303,おしおき, 
303,ガードスワップ, 
303,ゆうわく, 
303,たたきつける, 
303,メタルバースト, 
304,がむしゃら, 
304,のしかかり, 
304,ふみつけ, 
304,きつけ, 
304,のろい, 
304,いやなおと, 
304,アイアンヘッド, 
304,ドラゴンダイブ, 
304,もろはのずつき, 
304,ばかぢから, 
304,ステルスロック, 
307,ほのおのパンチ, 
307,かみなりパンチ, 
307,れいとうパンチ, 
307,みやぶる, 
307,ねこだまし, 
307,バトンタッチ, 
307,ばくれつパンチ, 
307,パワースワップ, 
307,ガードスワップ, 
307,サイコカッター, 
307,バレットパンチ, 
307,ドレインパンチ, 
307,ひみつのちから, 
309,かみくだく, 
309,ずつき, 
309,さわぐ, 
309,のろい, 
309,スピードスター, 
309,ほうでん, 
309,こおりのキバ, 
309,ほのおのキバ, 
309,かみなりのキバ, 
309,すりかえ, 
309,エレキボール, 
309,でんげきは, 
309,はじけるほのお, 
311,ねがいごと, 
311,うたう, 
311,てんしのキッス, 
311,ほうでん, 
311,おまじない, 
312,ねがいごと, 
312,うたう, 
312,てんしのキッス, 
312,ほうでん, 
312,おまじない, 
313,バトンタッチ, 
313,ぎんいろのかぜ, 
313,トリック, 
313,アンコール, 
313,むしのさざめき, 
313,ピヨピヨパンチ, 
313,ちきゅうなげ, 
314,バトンタッチ, 
314,ぎんいろのかぜ, 
314,せいちょう, 
314,アンコール, 
314,むしのさざめき, 
314,ゆうわく, 
314,うそなき, 
314,あやしいひかり, 
315,まきびし, 
315,こうごうせい, 
315,ミサイルばり, 
315,わたほうし, 
315,ねむりごな, 
315,はっぱカッター, 
315,こころのめ, 
315,リーフストーム, 
315,タネばくだん, 
315,ギガドレイン, 
315,しぜんのめぐみ, 
315,くさぶえ, 
316,とける, 
316,スモッグ, 
316,いたみわけ, 
316,のろい, 
316,みちづれ, 
316,どろかけ, 
316,ダストシュート, 
318,ハイドロポンプ, 
318,すてみタックル, 
318,あばれる, 
318,げんしのちから, 
318,スピードスター, 
318,しおみず, 
320,すてみタックル, 
320,あばれる, 
320,いびき, 
320,ねごと, 
320,のろい, 
320,じわれ, 
320,くすぐる, 
320,まるくなる, 
320,のしかかり, 
320,アクアリング, 
320,みずびたし, 
320,しねんのずつき, 
322,とおぼえ, 
322,こわいかお, 
322,のしかかり, 
322,ころがる, 
322,まるくなる, 
322,ふみつけ, 
322,あくび, 
322,げんしのちから, 
322,どろばくだん, 
322,ねっぷう, 
322,たくわえる, 
322,のみこむ, 
322,はきだす, 
322,こらえる, 
322,アイアンヘッド, 
324,ふんか, 
324,こらえる, 
324,ねごと, 
324,あくび, 
324,じわれ, 
324,ロケットずつき, 
324,はじけるほのお, 
324,クリアスモッグ, 
325,みらいよち, 
325,じんつうりき, 
325,トリック, 
325,しねんのずつき, 
325,ドわすれ, 
325,ミラーコート, 
325,スキルスワップ, 
325,ふきとばし, 
325,おまじない, 
325,こらえる, 
327,アンコール, 
327,ねこのて, 
327,かなしばり, 
327,バトンタッチ, 
327,ねがいごと, 
327,トリック, 
327,きつけ, 
327,ねこだまし, 
327,なりきり, 
327,サイコカッター, 
327,うそなき, 
327,こうそくスピン, 
327,こごえるかぜ, 
327,みずのはどう, 
328,きあいだめ, 
328,でんこうせっか, 
328,かぜおこし, 
328,じたばた, 
328,れんぞくぎり, 
328,マッドショット, 
328,こらえる, 
328,だいちのちから, 
328,むしくい, 
328,シグナルビーム, 
331,くさぶえ, 
331,ようかいえき, 
331,フラフラダンス, 
331,ばくれつパンチ, 
331,カウンター, 
331,けたぐり, 
331,きつけ, 
331,マジカルリーフ, 
331,タネばくだん, 
331,わるだくみ, 
331,かなしばり, 
331,とおせんぼう, 
331,なやみのタネ, 
331,すりかえ, 
333,こうそくいどう, 
333,くろいきり, 
333,おいうち, 
333,いかり, 
333,フェザーダンス, 
333,ドラゴンダイブ, 
333,パワースワップ, 
333,はねやすめ, 
333,ハイパーボイス, 
333,はがねのつばさ, 
335,じたばた, 
335,にどげり, 
335,かまいたち, 
335,カウンター, 
335,のろい, 
335,みだれひっかき, 
335,つじぎり, 
335,メタルクロー, 
335,ダブルアタック, 
335,かなしばり, 
335,アイアンテール, 
335,いのちがけ, 
335,フェイント, 
336,たくわえる, 
336,のみこむ, 
336,はきだす, 
336,のしかかり, 
336,こわいかお, 
336,ダメおし, 
336,つじぎり, 
336,すりかえ, 
336,アイアンテール, 
336,しぼりとる, 
336,おしおき, 
336,いのちがけ, 
339,あばれる, 
339,うずしお, 
339,スパーク, 
339,ハイドロポンプ, 
339,じたばた, 
339,とっしん, 
339,りゅうのまい, 
339,だいちのちから, 
339,マッドショット, 
339,だくりゅう, 
341,どろあそび, 
341,がむしゃら, 
341,のしかかり, 
341,げんしのちから, 
341,はたきおとす, 
341,ばかぢから, 
341,メタルクロー, 
341,りゅうのまい, 
341,きりふだ, 
341,なしくずし, 
341,すてみタックル, 
345,バリアー, 
345,じこさいせい, 
345,ミラーコート, 
345,しぼりとる, 
345,くすぐる, 
345,のろい, 
345,メガドレイン, 
345,こらえる, 
345,ステルスロック, 
347,こうそくスピン, 
347,はたきおとす, 
347,いやなおと, 
347,すなかけ, 
347,クロスポイズン, 
347,のろい, 
347,てっぺき, 
347,みずのはどう, 
349,ミラーコート, 
349,りゅうのいぶき, 
349,どろあそび, 
349,さいみんじゅつ, 
349,あやしいひかり, 
349,しろいきり, 
349,くろいきり, 
349,くすぐる, 
349,しおみず, 
349,アイアンテール, 
349,りゅうのはどう, 
349,ゆうわく, 
351,みらいよち, 
351,おまじない, 
351,かなしばり, 
351,ドわすれ, 
351,あやしいかぜ, 
351,たたりめ, 
351,クリアスモッグ, 
352,かなしばり, 
352,マジックコート, 
352,トリック, 
352,ねこだまし, 
352,わるだくみ, 
352,ピヨピヨパンチ, 
352,じこさいせい, 
352,スキルスワップ, 
352,よこどり, 
352,イカサマ, 
353,かなしばり, 
353,みちづれ, 
353,みやぶる, 
353,おどろかす, 
353,ふういん, 
353,おいうち, 
353,かげうち, 
353,あやしいひかり, 
353,あやしいかぜ, 
353,ダストシュート, 
355,ふういん, 
355,みちづれ, 
355,いたみわけ, 
355,おんねん, 
355,おきみやげ, 
355,だましうち, 
355,あやしいかぜ, 
355,あくのはどう, 
355,スキルスワップ, 
357,ずつき, 
357,たたきつける, 
357,かまいたち, 
357,やどりぎのタネ, 
357,しぜんのちから, 
357,リーフストーム, 
357,こうごうせい, 
357,のろい, 
357,リーフブレード, 
357,りゅうのまい, 
357,タネマシンガン, 
357,しぜんのめぐみ, 
358,かなしばり, 
358,のろい, 
358,さいみんじゅつ, 
358,ねがいごと, 
358,みらいよち, 
358,アシストパワー, 
358,スキルスワップ, 
359,バトンタッチ, 
359,だましうち, 
359,すてみタックル, 
359,マジックコート, 
359,のろい, 
359,くろいまなざし, 
359,しねんのずつき, 
359,おしおき, 
359,ふいうち, 
359,ダメおし, 
359,さきどり, 
359,メガホーン, 
359,たたりめ, 
359,ほろびのうた, 
361,とおせんぼう, 
361,まきびし, 
361,ころがる, 
361,かなしばり, 
361,がまん, 
361,ウェザーボール, 
361,ゆきなだれ, 
361,たたりめ, 
361,うそなき, 
363,みずあそび, 
363,たくわえる, 
363,のみこむ, 
363,はきだす, 
363,あくび, 
363,のろい, 
363,じわれ, 
363,シグナルビーム, 
363,アクアリング, 
363,ころがる, 
363,ねごと, 
363,みずのはどう, 
366,リフレッシュ, 
366,どろあそび, 
366,のしかかり, 
366,ちょうおんぱ, 
366,バリアー, 
366,あやしいひかり, 
366,アクアリング, 
366,だくりゅう, 
366,みずのはどう, 
366,しおみず, 
366,こらえる, 
369,マグニチュード, 
369,ロケットずつき, 
369,みずあそび, 
369,ドわすれ, 
369,ねごと, 
369,アクアテール, 
369,いびき, 
369,どろかけ, 
369,だくりゅう, 
369,マッドショット, 
369,しおみず, 
369,しねんのずつき, 
370,はねる, 
370,ちょうおんぱ, 
370,みずあそび, 
370,どろあそび, 
370,ゆうわく, 
370,アクアリング, 
370,アクアジェット, 
370,いやしのはどう, 
370,しおみず, 
371,ハイドロポンプ, 
371,あばれる, 
371,りゅうのいかり, 
371,たつまき, 
371,りゅうのまい, 
371,ほのおのキバ, 
371,ドラゴンダイブ, 
371,りゅうのはどう, 
371,こらえる, 
371,まるくなる, 
387,なやみのタネ, 
387,せいちょう, 
387,くすぐる, 
387,のしかかり, 
387,すてみタックル, 
387,すなじごく, 
387,タネばくだん, 
387,あばれる, 
387,ドわすれ, 
387,ばかぢから, 
387,たくわえる, 
387,のみこむ, 
387,はきだす, 
387,だいちのちから, 
387,ワイドガード, 
390,ほのおのパンチ, 
390,かみなりパンチ, 
390,にどげり, 
390,アンコール, 
390,ねっぷう, 
390,きあいだめ, 
390,てだすけ, 
390,ねこだまし, 
390,ブレイズキック, 
390,カウンター, 
390,ねこのて, 
390,ファストガード, 
390,きあいパンチ, 
390,じごくぐるま, 
393,ダブルアタック, 
393,ちょうおんぱ, 
393,あくび, 
393,どろあそび, 
393,どろかけ, 
393,いびき, 
393,じたばた, 
393,こうそくいどう, 
393,アクアリング, 
393,ハイドロポンプ, 
393,フェザーダンス, 
393,がまん, 
393,こごえるかぜ, 
396,フェザーダンス, 
396,みだれづき, 
396,おいうち, 
396,おどろかす, 
396,すなかけ, 
396,みやぶる, 
396,すてみタックル, 
396,はがねのつばさ, 
396,さわぐ, 
396,はねやすめ, 
396,みきり, 
396,リベンジ, 
399,でんこうせっか, 
399,みずあそび, 
399,すてみタックル, 
399,みだれひっかき, 
399,まるくなる, 
399,ころがる, 
399,かぎわける, 
399,アクアテール, 
399,ロッククライム, 
399,ねごと, 
399,こらえる, 
399,ロケットずつき, 
403,こおりのキバ, 
403,ほのおのキバ, 
403,かみなりのキバ, 
403,でんこうせっか, 
403,とおぼえ, 
403,とっしん, 
403,つじぎり, 
403,でんげきは, 
403,スピードスター, 
403,にどげり, 
403,シグナルビーム, 
403,てだすけ, 
406,まきびし, 
406,こうごうせい, 
406,ミサイルばり, 
406,わたほうし, 
406,ねむりごな, 
406,はっぱカッター, 
406,こころのめ, 
406,リーフストーム, 
406,じんつうりき, 
406,タネばくだん, 
406,ギガドレイン, 
406,しぜんのめぐみ, 
406,くさぶえ, 
408,かみくだく, 
408,あばれる, 
408,すてみタックル, 
408,にらみつける, 
408,たたきつける, 
408,ふみつけ, 
408,ふきとばし, 
408,アームハンマー, 
408,のろい, 
408,アイアンテール, 
408,アイアンヘッド, 
410,ずつき, 
410,こわいかお, 
410,きあいだめ, 
410,すてみタックル, 
410,ロックブラスト, 
410,のしかかり, 
410,いやなおと, 
410,のろい, 
410,じわれ, 
410,カウンター, 
410,ステルスロック, 
410,ワイドガード, 
417,ほしがる, 
417,かみつく, 
417,うそなき, 
417,まるくなる, 
417,ころがる, 
417,おだてる, 
417,じたばた, 
417,アイアンテール, 
417,しっぽをふる, 
417,このゆびとまれ, 
417,じゅうでん, 
417,ギフトパス, 
418,どろかけ, 
418,ずつき, 
418,みだれひっかき, 
418,きりさく, 
418,かぎわける, 
418,おうふくビンタ, 
418,れんぞくぎり, 
418,バトンタッチ, 
418,アクアテール, 
418,アクアリング, 
418,さきどり, 
418,すりかえ, 
418,スイープビンタ, 
420,はっぱカッター, 
420,あまいかおり, 
420,くすぐる, 
420,しぜんのちから, 
420,くさぶえ, 
420,アロマセラピー, 
420,ウェザーボール, 
420,いやしのはどう, 
420,いやしのねがい, 
420,タネばくだん, 
420,しぜんのめぐみ, 
420,まるくなる, 
420,ころがる, 
422,カウンター, 
422,ミラーコート, 
422,たくわえる, 
422,のみこむ, 
422,はきだす, 
422,あくび, 
422,おきみやげ, 
422,のろい, 
422,ドわすれ, 
422,じわれ, 
422,きりふだ, 
422,ヘドロこうげき, 
422,クリアスモッグ, 
422,しおみず, 
422,しろいきり, 
425,おきみやげ, 
425,のしかかり, 
425,みちづれ, 
425,かなしばり, 
425,くろいきり, 
425,さいみんじゅつ, 
425,ウェザーボール, 
425,クリアスモッグ, 
425,きりばらい, 
427,うそなき, 
427,ねこだまし, 
427,アンコール, 
427,てんしのキッス, 
427,ダブルアタック, 
427,けたぐり, 
427,スカイアッパー, 
427,すりかえ, 
427,かみなりパンチ, 
427,れいとうパンチ, 
427,ほのおのパンチ, 
427,じたばた, 
427,きあいパンチ, 
427,ともえなげ, 
427,まねっこ, 
431,かみつく, 
431,しっぽをふる, 
431,でんこうせっか, 
431,すなかけ, 
431,うそなき, 
431,ダメおし, 
431,じたばた, 
431,よこどり, 
431,めざましビンタ, 
431,とっておき, 
433,かなしばり, 
433,のろい, 
433,さいみんじゅつ, 
433,ねがいごと, 
433,みらいよち, 
433,じこさいせい, 
433,アシストパワー, 
433,スキルスワップ, 
434,おいうち, 
434,にらみつける, 
434,スモッグ, 
434,すてみタックル, 
434,かみくだく, 
434,こわいかお, 
434,おどろかす, 
434,おしおき, 
434,くろいきり, 
434,アイアンテール, 
434,イカサマ, 
434,はじけるほのお, 
438,じばく, 
438,ずつき, 
438,かたくなる, 
438,まるくなる, 
438,ころがる, 
438,すなじごく, 
438,ステルスロック, 
438,のろい, 
438,こらえる, 
439,みらいよち, 
439,さいみんじゅつ, 
439,ものまね, 
439,ねこだまし, 
439,トリック, 
439,あやしいひかり, 
439,めざましビンタ, 
439,フラフラダンス, 
439,いやしのねがい, 
439,あまえる, 
439,わるだくみ, 
439,パワーシェア, 
439,マジックルーム, 
439,こごえるかぜ, 
440,プレゼント, 
440,ゆびをふる, 
440,いやしのすず, 
440,アロマセラピー, 
440,カウンター, 
440,てだすけ, 
440,じゅうりょく, 
440,とっておき, 
440,どろばくだん, 
440,しぜんのめぐみ, 
440,こらえる, 
441,アンコール, 
441,ナイトヘッド, 
441,こうそくいどう, 
441,わるだくみ, 
441,ちょうおんぱ, 
441,はがねのつばさ, 
441,ねごと, 
441,きりばらい, 
441,エアカッター, 
442,みちづれ, 
442,いたみわけ, 
442,えんまく, 
442,ふういん, 
442,おんねん, 
442,かげうち, 
442,ゆうわく, 
442,あくむ, 
443,りゅうのいぶき, 
443,げきりん, 
443,たつまき, 
443,こわいかお, 
443,すてみタックル, 
443,あばれる, 
443,メタルクロー, 
443,すなじごく, 
443,のしかかり, 
443,アイアンヘッド, 
443,マッドショット, 
443,ロッククライム, 
443,アイアンテール, 
446,したでなめる, 
446,あまえる, 
446,すてみタックル, 
446,のろい, 
446,ふきとばし, 
446,おいうち, 
446,しねんのずつき, 
446,カウンター, 
446,しぜんのめぐみ, 
446,おさきにどうぞ, 
446,じばく, 
447,クロスチョップ, 
447,みきり, 
447,かみつく, 
447,こころのめ, 
447,スカイアッパー, 
447,とびひざげり, 
447,こうそくいどう, 
447,しんくうは, 
447,かみくだく, 
447,けたぐり, 
447,てっぺき, 
447,ブレイズキック, 
447,バレットパンチ, 
447,このゆびとまれ, 
447,ともえなげ, 
449,たくわえる, 
449,のみこむ, 
449,はきだす, 
449,のろい, 
449,なまける, 
449,のしかかり, 
449,すなじごく, 
449,リベンジ, 
449,ねごと, 
449,ふきとばし, 
451,だましうち, 
451,いやなおと, 
451,すなかけ, 
451,きりさく, 
451,あやしいひかり, 
451,ふきとばし, 
451,こうそくいどう, 
451,おいうち, 
451,つじぎり, 
451,アイアンテール, 
451,ダブルニードル, 
451,ポイズンテール, 
453,さきどり, 
453,フェイント, 
453,ばくれつパンチ, 
453,ずつき, 
453,しんくうは, 
453,ヨガのポーズ, 
453,ねこだまし, 
453,めざましビンタ, 
453,きつけ, 
453,クロスチョップ, 
453,バレットパンチ, 
453,カウンター, 
453,ドレインパンチ, 
453,つぼをつく, 
455,ねむりごな, 
455,しびれごな, 
455,はっぱカッター, 
455,たたきつける, 
455,こうごうせい, 
455,マジカルリーフ, 
455,やどりぎのタネ, 
455,なやみのタネ, 
455,ギガドレイン, 
455,いかりのこな, 
455,くさぶえ, 
456,てんしのキッス, 
456,あまえる, 
456,じたばた, 
456,アクアテール, 
456,はねる, 
456,サイケこうせん, 
456,くすぐる, 
456,こうそくいどう, 
456,しおみず, 
456,オーロラビーム, 
456,シグナルビーム, 
458,たつまき, 
458,ハイドロポンプ, 
458,くろいきり, 
458,たたきつける, 
458,どろあそび, 
458,ミラーコート, 
458,みずあそび, 
458,はねる, 
458,シグナルビーム, 
458,ワイドガード, 
458,ドわすれ, 
459,やどりぎのタネ, 
459,マジカルリーフ, 
459,タネばくだん, 
459,せいちょう, 
459,すてみタックル, 
459,しろいきり, 
459,ふみつけ, 
459,ロケットずつき, 
459,ゆきなだれ, 
459,しぜんのめぐみ, 
459,タネマシンガン, 
495,ゆうわく, 
495,しぜんのめぐみ, 
495,へびにらみ, 
495,アイアンテール, 
495,マジカルリーフ, 
495,あまいかおり, 
495,ミラーコート, 
495,おいうち, 
495,くろいまなざし, 
495,たつまき, 
498,ほしがる, 
498,のしかかり, 
498,あばれる, 
498,マグニチュード, 
498,ばかぢから, 
498,のろい, 
498,がむしゃら, 
498,あくび, 
498,ねごと, 
498,ヘビーボンバー, 
501,まねっこ, 
501,みきり, 
501,エアスラッシュ, 
501,ダメおし, 
501,しおみず, 
501,つじぎり, 
501,きりふだ, 
501,いやなおと, 
504,みやぶる, 
504,アイアンテール, 
504,いやなおと, 
504,ダメおし, 
504,おいうち, 
504,リベンジ, 
504,じたばた, 
506,とおぼえ, 
506,すなかけ, 
506,どろかけ, 
506,したでなめる, 
506,あまえる, 
506,こらえる, 
506,あくび, 
506,おいうち, 
506,ほのおのキバ, 
506,かみなりのキバ, 
506,こおりのキバ, 
509,ネコにこばん, 
509,イカサマ, 
509,だましうち, 
509,うそなき, 
509,あまえる, 
509,アンコール, 
509,あくび, 
509,ほしがる, 
511,ほしがる, 
511,けたぐり, 
511,くすぐる, 
511,わるだくみ, 
511,なりきり, 
511,おどろかす, 
511,くさぶえ, 
511,マジカルリーフ, 
511,タネマシンガン, 
511,リーフストーム, 
513,ほしがる, 
513,けたぐり, 
513,くすぐる, 
513,わるだくみ, 
513,なりきり, 
513,おどろかす, 
513,ねごと, 
513,ほのおのうず, 
513,ほのおのパンチ, 
513,ねっぷう, 
515,ほしがる, 
515,けたぐり, 
515,くすぐる, 
515,わるだくみ, 
515,なりきり, 
515,おどろかす, 
515,アクアリング, 
515,アクアテール, 
515,どろあそび, 
515,ハイドロポンプ, 
517,ねごと, 
517,ひみつのちから, 
517,バリアー, 
517,マジックコート, 
517,てだすけ, 
517,バトンタッチ, 
517,スピードスター, 
517,のろい, 
517,ソニックブーム, 
519,はがねのつばさ, 
519,さいみんじゅつ, 
519,さわぐ, 
519,ギフトパス, 
519,ねがいごと, 
519,あさのひざし, 
519,おまじない, 
522,さきどり, 
522,とっしん, 
522,すなかけ, 
522,にどげり, 
522,いやなおと, 
522,いかり, 
522,こらえる, 
522,すてみタックル, 
522,でんげきは, 
524,マグニチュード, 
524,のろい, 
524,ボディパージ, 
524,がんせきふうじ, 
524,ロックオン, 
524,ヘビーボンバー, 
524,とっしん, 
524,じゅうりょく, 
527,あまえる, 
527,はたきおとす, 
527,うそなき, 
527,ちょうおんぱ, 
527,シンクロノイズ, 
527,アシストパワー, 
527,はねやすめ, 
527,おだてる, 
527,てだすけ, 
529,てっぺき, 
529,こうそくスピン, 
529,だいちのちから, 
529,ブレイククロー, 
529,きんぞくおん, 
529,じごくぐるま, 
529,ロケットずつき, 
529,ロッククライム, 
531,ねがいごと, 
531,いやしのすず, 
531,おまじない, 
531,アンコール, 
531,ギフトパス, 
531,てんしのキッス, 
531,あくび, 
531,ねごと, 
531,いやしのねがい, 
531,ドわすれ, 
532,ドレインパンチ, 
532,こらえる, 
532,カウンター, 
532,れんぞくパンチ, 
532,みやぶる, 
532,きつけ, 
532,みきり, 
532,ワイドガード, 
532,はっけい, 
532,きしかいせい, 
532,マッハパンチ, 
535,みずのはどう, 
535,リフレッシュ, 
535,どろあそび, 
535,どろばくだん, 
535,ねごと, 
535,いびき, 
535,しろいきり, 
535,だいちのちから, 
540,ぎんいろのかぜ, 
540,いやなおと, 
540,かまいたち, 
540,こころのめ, 
540,こうそくいどう, 
540,さきどり, 
540,バトンタッチ, 
540,ほごしょく, 
540,エアスラッシュ, 
543,ダブルニードル, 
543,ミサイルばり, 
543,どくびし, 
543,まきびし, 
543,とっしん, 
543,ロッククライム, 
546,しぜんのめぐみ, 
546,アンコール, 
546,くすぐる, 
546,うそなき, 
546,くさぶえ, 
546,おきみやげ, 
546,ふくろだたき, 
546,すりかえ, 
546,なやみのタネ, 
548,しぜんのめぐみ, 
548,あまえる, 
548,こらえる, 
548,ねをはる, 
548,なやみのタネ, 
548,くさぶえ, 
548,あまいかおり, 
548,がまん, 
548,いやしのねがい, 
550,スピードスター, 
550,バブルこうせん, 
550,マッドショット, 
550,だくりゅう, 
550,こうそくいどう, 
550,うずしお, 
550,いかり, 
550,しおみず, 
550,リベンジ, 
551,すてみタックル, 
551,ロッククライム, 
551,おいうち, 
551,さわぐ, 
551,ほのおのキバ, 
551,かみなりのキバ, 
551,ふくろだたき, 
551,きあいだめ, 
551,カウンター, 
551,くろいまなざし, 
554,ねごと, 
554,きあいパンチ, 
554,きあいだめ, 
554,こらえる, 
554,アームハンマー, 
554,とっしん, 
554,かえんぐるま, 
554,アンコール, 
554,あくび, 
556,タネマシンガン, 
556,とびはねる, 
556,なやみのタネ, 
556,やどりぎのタネ, 
556,タネばくだん, 
556,ウッドハンマー, 
556,まきびし, 
556,くさぶえ, 
557,こらえる, 
557,てっぺき, 
557,つじぎり, 
557,すなじごく, 
557,カウンター, 
557,のろい, 
557,まきびし, 
557,とおせんぼう, 
559,ドレインパンチ, 
559,カウンター, 
559,りゅうのまい, 
559,みきり, 
559,ねこだまし, 
559,ほのおのパンチ, 
559,れいとうパンチ, 
559,かみなりパンチ, 
559,ドわすれ, 
559,だましうち, 
559,しねんのずつき, 
561,アシストパワー, 
561,サイコシフト, 
561,げんしのちから, 
561,はがねのつばさ, 
561,はねやすめ, 
561,スキルスワップ, 
562,おきみやげ, 
562,うそなき, 
562,わるだくみ, 
562,こらえる, 
562,かいふくふうじ, 
562,ふういん, 
562,あくむ, 
562,かなしばり, 
564,みずのはどう, 
564,はたきおとす, 
564,いわおとし, 
564,たたきつける, 
564,てっぺき, 
564,じたばた, 
564,うずしお, 
564,のしかかり, 
564,がまん, 
566,はがねのつばさ, 
566,きりばらい, 
566,りゅうのはどう, 
566,もろはのずつき, 
566,はたきおとす, 
566,だいちのちから, 
566,かみつく, 
568,まきびし, 
568,ころがる, 
568,くろいきり, 
568,のろい, 
568,ロックブラスト, 
568,すなかけ, 
568,どろあそび, 
568,じばく, 
570,みきり, 
570,ゆうわく, 
570,あくのはどう, 
570,よこどり, 
570,おきみやげ, 
570,ふいうち, 
570,じんつうりき, 
570,カウンター, 
572,アイアンテール, 
572,しっぽをふる, 
572,アクアテール, 
572,どろかけ, 
572,はたきおとす, 
572,うそなき, 
572,ねごと, 
572,こらえる, 
572,じたばた, 
574,ミラーコート, 
574,さわぐ, 
574,ミラクルアイ, 
574,ゆうわく, 
574,くろいまなざし, 
574,あくのはどう, 
577,ナイトヘッド, 
577,おどろかす, 
577,あやしいひかり, 
577,とける, 
577,トリック, 
577,ふういん, 
577,ひみつのちから, 
580,はがねのつばさ, 
580,しおみず, 
580,かぜおこし, 
580,エアカッター, 
580,オウムがえし, 
580,さきどり, 
580,おまじない, 
582,みずのはどう, 
582,しぜんのめぐみ, 
582,ふういん, 
582,ボディパージ, 
582,てっぺき, 
582,でんじふゆう, 
582,こおりのつぶて, 
582,こなゆき, 
585,うそなき, 
585,しぜんのめぐみ, 
585,こうごうせい, 
585,なやみのタネ, 
585,かぎわける, 
585,こうそくいどう, 
585,ねごと, 
585,バトンタッチ, 
585,くさぶえ, 
587,はねやすめ, 
587,アイアンテール, 
587,おどろかす, 
587,エアスラッシュ, 
587,でんげきは, 
587,あまえる, 
587,ほしがる, 
587,くすぐる, 
587,バトンタッチ, 
588,メガホーン, 
588,おいうち, 
588,カウンター, 
588,つのでつく, 
588,だましうち, 
588,むしくい, 
588,いやなおと, 
588,はたきおとす, 
590,いえき, 
590,せいちょう, 
590,どくのこな, 
590,しびれごな, 
590,ころがる, 
590,まるくなる, 
590,こらえる, 
590,のしかかり, 
592,とける, 
592,あやしいひかり, 
592,いたみわけ, 
592,しろいきり, 
592,じこさいせい, 
592,からみつく, 
594,いたみわけ, 
594,リフレッシュ, 
594,くすぐる, 
594,ミラーコート, 
594,しろいきり, 
594,こらえる, 
595,ミサイルばり, 
595,どくばり, 
595,クロスポイズン, 
595,ロッククライム, 
595,おいうち, 
595,かなしばり, 
595,だましうち, 
597,タネマシンガン, 
597,やどりぎのタネ, 
597,まきびし, 
597,なやみのタネ, 
597,タネばくだん, 
597,じゅうりょく, 
597,ロッククライム, 
597,ステルスロック, 
605,テレポート, 
605,かなしばり, 
605,おどろかす, 
605,パワースワップ, 
605,ガードスワップ, 
605,バリアー, 
605,わるだくみ, 
605,スキルスワップ, 
607,とける, 
607,ねっぷう, 
607,くろいきり, 
607,こらえる, 
607,ゆうわく, 
607,ようかいえき, 
607,クリアスモッグ, 
610,カウンター, 
610,きあいだめ, 
610,きしかいせい, 
610,こらえる, 
610,かまいたち, 
610,つじぎり, 
610,がむしゃら, 
610,アイアンテール, 
610,りゅうのはどう, 
610,かたくなる, 
613,あくび, 
613,ゆきなだれ, 
613,アンコール, 
613,れいとうパンチ, 
613,つじぎり, 
613,ダメおし, 
613,ねごと, 
613,きあいパンチ, 
616,こらえる, 
616,バトンタッチ, 
616,すてみタックル, 
616,アンコール, 
616,ガードシェア, 
616,こころのめ, 
616,どろかけ, 
616,まきびし, 
616,フェイント, 
616,おいうち, 
618,でんげきは, 
618,だいちのちから, 
618,あくび, 
618,ねごと, 
618,おどろかす, 
618,のろい, 
618,うらみ, 
618,スパーク, 
618,いたみわけ, 
619,こらえる, 
619,あてみなげ, 
619,バトンタッチ, 
619,きつけ, 
619,けたぐり, 
619,フェイント, 
619,さきどり, 
619,はたきおとす, 
621,ほのおのキバ, 
621,かみなりのキバ, 
621,ブレイククロー, 
621,だましうち, 
621,おいうち, 
621,アイアンテール, 
621,ポイズンテール, 
621,よこどり, 
621,メタルクロー, 
621,へびにらみ, 
621,ふいうち, 
624,リベンジ, 
624,ふいうち, 
624,おいうち, 
624,ずつき, 
624,ステルスロック, 
624,サイコカッター, 
624,くろいまなざし, 
626,ふみつけ, 
626,ロッククライム, 
626,ずつき, 
626,ロケットずつき, 
626,マッドショット, 
626,どろかけ, 
626,アイアンヘッド, 
626,ドわすれ, 
629,はがねのつばさ, 
629,くろいまなざし, 
629,はねやすめ, 
629,こわいかお, 
629,はたきおとす, 
629,うそなき, 
631,おいうち, 
631,まきつく, 
631,つじぎり, 
631,のろい, 
631,のしかかり, 
631,ねっぷう, 
631,だましうち, 
631,ふいうち, 
631,くすぐる, 
631,ねごと, 
632,いやなおと, 
632,こらえる, 
632,ロッククライム, 
632,バトンタッチ, 
632,かみなりのキバ, 
632,だましうち, 
633,ほのおのキバ, 
633,かみなりのキバ, 
633,こおりのキバ, 
633,ダブルアタック, 
633,おどろかす, 
633,だいちのちから, 
633,いやなおと, 
633,もろはのずつき, 
633,ダメおし, 
633,あくのはどう, 
636,いとをはく, 
636,かたくなる, 
636,みやぶる, 
636,こらえる, 
636,しねんのずつき, 
636,あさのひざし, 
636,でんじふゆう, 
637,なし, 
638,なし, 
639,なし, 
640,なし, 
641,なし, 
642,なし, 
643,なし, 
644,なし, 
645,なし, 
646,なし, 
647,なし, 
648,なし, 
649,なし, 
650,未登場　別の世代で検索ください, 
651,未登場　別の世代で検索ください, 
652,未登場　別の世代で検索ください, 
653,未登場　別の世代で検索ください, 
654,未登場　別の世代で検索ください, 
655,未登場　別の世代で検索ください, 
656,未登場　別の世代で検索ください, 
657,未登場　別の世代で検索ください, 
658,未登場　別の世代で検索ください, 
659,未登場　別の世代で検索ください, 
660,未登場　別の世代で検索ください, 
661,未登場　別の世代で検索ください, 
662,未登場　別の世代で検索ください, 
663,未登場　別の世代で検索ください, 
664,未登場　別の世代で検索ください, 
665,未登場　別の世代で検索ください, 
666,未登場　別の世代で検索ください, 
667,未登場　別の世代で検索ください, 
668,未登場　別の世代で検索ください, 
669,未登場　別の世代で検索ください, 
670,未登場　別の世代で検索ください, 
671,未登場　別の世代で検索ください, 
672,未登場　別の世代で検索ください, 
673,未登場　別の世代で検索ください, 
674,未登場　別の世代で検索ください, 
675,未登場　別の世代で検索ください, 
676,未登場　別の世代で検索ください, 
677,未登場　別の世代で検索ください, 
678,未登場　別の世代で検索ください, 
679,未登場　別の世代で検索ください, 
680,未登場　別の世代で検索ください, 
681,未登場　別の世代で検索ください, 
682,未登場　別の世代で検索ください, 
683,未登場　別の世代で検索ください, 
684,未登場　別の世代で検索ください, 
685,未登場　別の世代で検索ください, 
686,未登場　別の世代で検索ください, 
687,未登場　別の世代で検索ください, 
688,未登場　別の世代で検索ください, 
689,未登場　別の世代で検索ください, 
690,未登場　別の世代で検索ください, 
691,未登場　別の世代で検索ください, 
692,未登場　別の世代で検索ください, 
693,未登場　別の世代で検索ください, 
694,未登場　別の世代で検索ください, 
695,未登場　別の世代で検索ください, 
696,未登場　別の世代で検索ください, 
697,未登場　別の世代で検索ください, 
698,未登場　別の世代で検索ください, 
699,未登場　別の世代で検索ください, 
700,未登場　別の世代で検索ください, 
701,未登場　別の世代で検索ください, 
702,未登場　別の世代で検索ください, 
703,未登場　別の世代で検索ください, 
704,未登場　別の世代で検索ください, 
705,未登場　別の世代で検索ください, 
706,未登場　別の世代で検索ください, 
707,未登場　別の世代で検索ください, 
708,未登場　別の世代で検索ください, 
709,未登場　別の世代で検索ください, 
710,未登場　別の世代で検索ください, 
711,未登場　別の世代で検索ください, 
712,未登場　別の世代で検索ください, 
713,未登場　別の世代で検索ください, 
714,未登場　別の世代で検索ください, 
715,未登場　別の世代で検索ください, 
716,未登場　別の世代で検索ください, 
717,未登場　別の世代で検索ください, 
718,未登場　別の世代で検索ください, 
719,未登場　別の世代で検索ください, 
720,未登場　別の世代で検索ください, 
721,未登場　別の世代で検索ください, 
722,未登場　別の世代で検索ください, 
723,未登場　別の世代で検索ください, 
724,未登場　別の世代で検索ください, 
