1,遺伝,ひかりのかべ,
1,遺伝,ロケットずつき,
1,遺伝,しんぴのまもり,
1,遺伝,あまえる,
1,遺伝,はなびらのまい,
1,遺伝,マジカルリーフ,
1,遺伝,くさぶえ,
1,遺伝,のろい,
4,遺伝,はらだいこ,
4,遺伝,げんしのちから,
4,遺伝,いわなだれ,
4,遺伝,かみつく,
4,遺伝,げきりん,
4,遺伝,ふくろだたき,
4,遺伝,つるぎのまい,
4,遺伝,りゅうのまい,
7,遺伝,ミラーコート,
7,遺伝,くろいきり,
7,遺伝,しろいきり,
7,遺伝,みやぶる,
7,遺伝,じたばた,
7,遺伝,リフレッシュ,
7,遺伝,どろあそび,
7,遺伝,あくび,
16,遺伝,おいうち,
16,遺伝,だましうち,
16,遺伝,みやぶる,
16,遺伝,はがねのつばさ,
16,遺伝,エアカッター,
19,遺伝,いやなおと,
19,遺伝,かえんぐるま,
19,遺伝,みだれひっかき,
19,遺伝,かみつく,
19,遺伝,カウンター,
19,遺伝,きしかいせい,
19,遺伝,さわぐ,
19,遺伝,いばる,
21,遺伝,だましうち,
21,遺伝,みねうち,
21,遺伝,こわいかお,
21,遺伝,でんこうせっか,
21,遺伝,トライアタック,
21,遺伝,おどろかす,
21,遺伝,ゴッドバード,
23,遺伝,おいうち,
23,遺伝,たたきつける,
23,遺伝,うらみ,
23,遺伝,ふくろだたき,
23,遺伝,どくどくのキバ,
27,遺伝,じたばた,
27,遺伝,しんぴのまもり,
27,遺伝,カウンター,
27,遺伝,こうそくスピン,
27,遺伝,いわなだれ,
27,遺伝,メタルクロー,
27,遺伝,つるぎのまい,
27,遺伝,ブレイククロー,
29,遺伝,ちょうおんぱ,
29,遺伝,かなしばり,
29,遺伝,とっしん,
29,遺伝,きあいだめ,
29,遺伝,あまえる,
29,遺伝,カウンター,
29,遺伝,ふくろだたき,
32,遺伝,カウンター,
32,遺伝,かなしばり,
32,遺伝,ちょうおんぱ,
32,遺伝,とっしん,
32,遺伝,ドわすれ,
32,遺伝,ねんりき,
32,遺伝,ふくろだたき,
37,遺伝,だましうち,
37,遺伝,さいみんじゅつ,
37,遺伝,じたばた,
37,遺伝,うらみ,
37,遺伝,かなしばり,
37,遺伝,とおぼえ,
37,遺伝,じこあんじ,
37,遺伝,ねっぷう,
41,遺伝,でんこうせっか,
41,遺伝,おいうち,
41,遺伝,だましうち,
41,遺伝,かぜおこし,
41,遺伝,ふきとばし,
41,遺伝,のろい,
43,遺伝,つるぎのまい,
43,遺伝,はっぱカッター,
43,遺伝,じたばた,
43,遺伝,こうごうせい,
43,遺伝,あまえる,
43,遺伝,ねをはる,
46,遺伝,みねうち,
46,遺伝,いやなおと,
46,遺伝,カウンター,
46,遺伝,サイケこうせん,
46,遺伝,じたばた,
46,遺伝,あまいかおり,
46,遺伝,ひかりのかべ,
46,遺伝,おいうち,
48,遺伝,バトンタッチ,
48,遺伝,いやなおと,
48,遺伝,ギガドレイン,
48,遺伝,シグナルビーム,
50,遺伝,だましうち,
50,遺伝,いやなおと,
50,遺伝,げんしのちから,
50,遺伝,おいうち,
50,遺伝,ふくろだたき,
50,遺伝,さわぐ,
50,遺伝,いわなだれ,
52,遺伝,うらみ,
52,遺伝,あまえる,
52,遺伝,さいみんじゅつ,
52,遺伝,ドわすれ,
52,遺伝,じこあんじ,
52,遺伝,ねこのて,
54,遺伝,さいみんじゅつ,
54,遺伝,サイケこうせん,
54,遺伝,みやぶる,
54,遺伝,ひかりのかべ,
54,遺伝,みらいよち,
54,遺伝,サイコキネシス,
54,遺伝,クロスチョップ,
54,遺伝,リフレッシュ,
56,遺伝,いわなだれ,
56,遺伝,みやぶる,
56,遺伝,ヨガのポーズ,
56,遺伝,カウンター,
56,遺伝,きしかいせい,
56,遺伝,ふくろだたき,
56,遺伝,リベンジ,
56,遺伝,きつけ,
58,遺伝,のしかかり,
58,遺伝,しんぴのまもり,
58,遺伝,かみくだく,
58,遺伝,あばれる,
58,遺伝,ほのおのうず,
58,遺伝,とおぼえ,
58,遺伝,ねっぷう,
60,遺伝,しろいきり,
60,遺伝,はねる,
60,遺伝,バブルこうせん,
60,遺伝,くろいきり,
60,遺伝,こころのめ,
60,遺伝,みずあそび,
60,遺伝,アイスボール,
63,遺伝,アンコール,
63,遺伝,バリアー,
63,遺伝,はたきおとす,
63,遺伝,ほのおのパンチ,
63,遺伝,かみなりパンチ,
63,遺伝,れいとうパンチ,
66,遺伝,ひかりのかべ,
66,遺伝,ヨガのポーズ,
66,遺伝,まわしげり,
66,遺伝,アンコール,
66,遺伝,きつけ,
66,遺伝,カウンター,
66,遺伝,いわなだれ,
69,遺伝,つるぎのまい,
69,遺伝,アンコール,
69,遺伝,リフレクター,
69,遺伝,こうごうせい,
69,遺伝,きゅうけつ,
69,遺伝,ねをはる,
69,遺伝,マジカルリーフ,
72,遺伝,オーロラビーム,
72,遺伝,ミラーコート,
72,遺伝,こうそくスピン,
72,遺伝,くろいきり,
72,遺伝,しんぴのまもり,
72,遺伝,あやしいひかり,
74,遺伝,メガトンパンチ,
74,遺伝,いわなだれ,
74,遺伝,とおせんぼう,
77,遺伝,かえんぐるま,
77,遺伝,あばれる,
77,遺伝,にどげり,
77,遺伝,さいみんじゅつ,
77,遺伝,あまえる,
77,遺伝,すてみタックル,
79,遺伝,しんぴのまもり,
79,遺伝,はらだいこ,
79,遺伝,みらいよち,
79,遺伝,ふみつけ,
79,遺伝,どろあそび,
79,遺伝,ねごと,
79,遺伝,いびき,
83,遺伝,はがねのつばさ,
83,遺伝,みやぶる,
83,遺伝,オウムがえし,
83,遺伝,かぜおこし,
83,遺伝,でんこうせっか,
83,遺伝,じたばた,
83,遺伝,フェザーダンス,
83,遺伝,のろい,
84,遺伝,でんこうせっか,
84,遺伝,ちょうおんぱ,
84,遺伝,くろいきり,
84,遺伝,だましうち,
84,遺伝,じたばた,
84,遺伝,がむしゃら,
86,遺伝,したでなめる,
86,遺伝,ほろびのうた,
86,遺伝,かなしばり,
86,遺伝,つのドリル,
86,遺伝,たたきつける,
86,遺伝,アンコール,
86,遺伝,ねこだまし,
86,遺伝,つららばり,
88,遺伝,くろいきり,
88,遺伝,くろいまなざし,
88,遺伝,したでなめる,
88,遺伝,ふういん,
88,遺伝,のろい,
88,遺伝,シャドーパンチ,
88,遺伝,だいばくはつ,
90,遺伝,バブルこうせん,
90,遺伝,とっしん,
90,遺伝,バリアー,
90,遺伝,こうそくスピン,
90,遺伝,いやなおと,
90,遺伝,つららばり,
92,遺伝,サイコウェーブ,
92,遺伝,ほろびのうた,
92,遺伝,くろいきり,
92,遺伝,おどろかす,
92,遺伝,おにび,
92,遺伝,おんねん,
92,遺伝,だいばくはつ,
95,遺伝,いわなだれ,
95,遺伝,じたばた,
95,遺伝,だいばくはつ,
95,遺伝,とおせんぼう,
96,遺伝,バリアー,
96,遺伝,ねこのて,
96,遺伝,なりきり,
96,遺伝,ほのおのパンチ,
96,遺伝,かみなりパンチ,
96,遺伝,れいとうパンチ,
98,遺伝,あなをほる,
98,遺伝,くろいきり,
98,遺伝,ドわすれ,
98,遺伝,じたばた,
98,遺伝,たたきつける,
98,遺伝,はたきおとす,
98,遺伝,つるぎのまい,
102,遺伝,こうごうせい,
102,遺伝,つきのひかり,
102,遺伝,リフレクター,
102,遺伝,げんしのちから,
102,遺伝,じこあんじ,
102,遺伝,ねをはる,
102,遺伝,のろい,
104,遺伝,いわなだれ,
104,遺伝,げんしのちから,
104,遺伝,はらだいこ,
104,遺伝,いやなおと,
104,遺伝,ロケットずつき,
104,遺伝,ほろびのうた,
104,遺伝,つるぎのまい,
108,遺伝,はらだいこ,
108,遺伝,マグニチュード,
108,遺伝,のしかかり,
108,遺伝,のろい,
108,遺伝,きつけ,
108,遺伝,ねごと,
108,遺伝,いびき,
108,遺伝,みがわり,
109,遺伝,いやなおと,
109,遺伝,サイコウェーブ,
109,遺伝,サイケこうせん,
109,遺伝,みちづれ,
109,遺伝,いたみわけ,
109,遺伝,おにび,
111,遺伝,かみくだく,
111,遺伝,きしかいせい,
111,遺伝,いわなだれ,
111,遺伝,カウンター,
111,遺伝,マグニチュード,
111,遺伝,つるぎのまい,
111,遺伝,のろい,
111,遺伝,ブレイククロー,
113,遺伝,プレゼント,
113,遺伝,ゆびをふる,
113,遺伝,いやしのすず,
113,遺伝,アロマセラピー,
113,遺伝,みがわり,
114,遺伝,じたばた,
114,遺伝,ねんりき,
114,遺伝,メガドレイン,
114,遺伝,リフレクター,
114,遺伝,ドわすれ,
114,遺伝,やどりぎのタネ,
114,遺伝,しぜんのちから,
115,遺伝,ふみつけ,
115,遺伝,みやぶる,
115,遺伝,きあいだめ,
115,遺伝,しんぴのまもり,
115,遺伝,かなしばり,
115,遺伝,カウンター,
115,遺伝,ブレイククロー,
115,遺伝,みがわり,
116,遺伝,じたばた,
116,遺伝,オーロラビーム,
116,遺伝,オクタンほう,
116,遺伝,かなしばり,
116,遺伝,はねる,
116,遺伝,りゅうのいかり,
116,遺伝,りゅうのいぶき,
118,遺伝,サイケこうせん,
118,遺伝,くろいきり,
118,遺伝,ハイドロポンプ,
118,遺伝,ねごと,
118,遺伝,どろあそび,
122,遺伝,みらいよち,
122,遺伝,さいみんじゅつ,
122,遺伝,ものまね,
122,遺伝,じこあんじ,
122,遺伝,ねこだまし,
122,遺伝,トリック,
123,遺伝,カウンター,
123,遺伝,しんぴのまもり,
123,遺伝,バトンタッチ,
123,遺伝,かまいたち,
123,遺伝,きしかいせい,
123,遺伝,ひかりのかべ,
123,遺伝,こらえる,
123,遺伝,ぎんいろのかぜ,
127,遺伝,みだれづき,
127,遺伝,じたばた,
127,遺伝,みねうち,
127,遺伝,だましうち,
131,遺伝,みやぶる,
131,遺伝,みがわり,
131,遺伝,くすぐる,
131,遺伝,リフレッシュ,
131,遺伝,りゅうのまい,
131,遺伝,のろい,
131,遺伝,ねごと,
131,遺伝,つのドリル,
133,遺伝,あまえる,
133,遺伝,じたばた,
133,遺伝,こらえる,
133,遺伝,のろい,
133,遺伝,くすぐる,
133,遺伝,ねがいごと,
138,遺伝,バブルこうせん,
138,遺伝,オーロラビーム,
138,遺伝,たたきつける,
138,遺伝,ちょうおんぱ,
138,遺伝,くろいきり,
138,遺伝,いわなだれ,
138,遺伝,まきびし,
140,遺伝,バブルこうせん,
140,遺伝,オーロラビーム,
140,遺伝,こうそくスピン,
140,遺伝,あなをほる,
140,遺伝,じたばた,
140,遺伝,はたきおとす,
140,遺伝,あやしいひかり,
142,遺伝,ふきとばし,
142,遺伝,おいうち,
142,遺伝,みやぶる,
142,遺伝,はがねのつばさ,
142,遺伝,りゅうのいぶき,
142,遺伝,のろい,
143,遺伝,したでなめる,
143,遺伝,あまえる,
143,遺伝,すてみタックル,
143,遺伝,のろい,
143,遺伝,じわれ,
143,遺伝,みがわり,
147,遺伝,ひかりのかべ,
147,遺伝,しろいきり,
147,遺伝,くろいきり,
147,遺伝,ちょうおんぱ,
147,遺伝,りゅうのいぶき,
147,遺伝,りゅうのまい,
152,遺伝,つるのムチ,
152,遺伝,やどりぎのタネ,
152,遺伝,カウンター,
152,遺伝,げんしのちから,
152,遺伝,じたばた,
152,遺伝,しぜんのちから,
152,遺伝,ねをはる,
152,遺伝,くさぶえ,
155,遺伝,みだれひっかき,
155,遺伝,でんこうせっか,
155,遺伝,きしかいせい,
155,遺伝,あばれる,
155,遺伝,みやぶる,
155,遺伝,ほしがる,
155,遺伝,とおぼえ,
155,遺伝,ブレイククロー,
158,遺伝,かみくだく,
158,遺伝,あばれる,
158,遺伝,ハイドロポンプ,
158,遺伝,げんしのちから,
158,遺伝,いわなだれ,
158,遺伝,どろあそび,
158,遺伝,みずあそび,
158,遺伝,ドラゴンクロー,
161,遺伝,すてみタックル,
161,遺伝,おいうち,
161,遺伝,きりさく,
161,遺伝,きあいだめ,
161,遺伝,きしかいせい,
161,遺伝,みがわり,
161,遺伝,トリック,
161,遺伝,ねこのて,
163,遺伝,オウムがえし,
163,遺伝,ちょうおんぱ,
163,遺伝,だましうち,
163,遺伝,つばさでうつ,
163,遺伝,ふきとばし,
163,遺伝,ゴッドバード,
163,遺伝,フェザーダンス,
165,遺伝,サイケこうせん,
165,遺伝,がまん,
165,遺伝,ぎんいろのかぜ,
167,遺伝,サイケこうせん,
167,遺伝,かなしばり,
167,遺伝,ソニックブーム,
167,遺伝,バトンタッチ,
167,遺伝,おいうち,
167,遺伝,シグナルビーム,
170,遺伝,じたばた,
170,遺伝,いやなおと,
170,遺伝,ドわすれ,
172,遺伝,きしかいせい,
172,遺伝,がまん,
172,遺伝,プレゼント,
172,遺伝,アンコール,
172,遺伝,おうふくビンタ,
172,遺伝,ねがいごと,
172,遺伝,じゅうでん,
173,遺伝,プレゼント,
173,遺伝,ゆびをふる,
173,遺伝,ドわすれ,
173,遺伝,はらだいこ,
173,遺伝,はねる,
173,遺伝,ものまね,
173,遺伝,ねがいごと,
173,遺伝,みがわり,
174,遺伝,ほろびのうた,
174,遺伝,プレゼント,
174,遺伝,だましうち,
174,遺伝,ねがいごと,
174,遺伝,うそなき,
175,遺伝,プレゼント,
175,遺伝,オウムがえし,
175,遺伝,つつく,
175,遺伝,みやぶる,
175,遺伝,みらいよち,
175,遺伝,みがわり,
175,遺伝,じこあんじ,
177,遺伝,くろいきり,
177,遺伝,ドリルくちばし,
177,遺伝,でんこうせっか,
177,遺伝,だましうち,
177,遺伝,はがねのつばさ,
177,遺伝,じこあんじ,
177,遺伝,フェザーダンス,
177,遺伝,リフレッシュ,
179,遺伝,とっしん,
179,遺伝,のしかかり,
179,遺伝,しんぴのまもり,
179,遺伝,いやなおと,
179,遺伝,リフレクター,
179,遺伝,かぎわける,
179,遺伝,じゅうでん,
183,遺伝,ひかりのかべ,
183,遺伝,プレゼント,
183,遺伝,ドわすれ,
183,遺伝,みらいよち,
183,遺伝,はらだいこ,
183,遺伝,ほろびのうた,
183,遺伝,ちょうおんぱ,
183,遺伝,みがわり,
185,遺伝,じばく,
187,遺伝,ねんりき,
187,遺伝,アンコール,
187,遺伝,すてみタックル,
187,遺伝,リフレクター,
187,遺伝,ドわすれ,
187,遺伝,てだすけ,
187,遺伝,じこあんじ,
190,遺伝,カウンター,
190,遺伝,いやなおと,
190,遺伝,おいうち,
190,遺伝,こうそくいどう,
190,遺伝,うらみ,
190,遺伝,たたきつける,
190,遺伝,おうふくビンタ,
190,遺伝,ふくろだたき,
191,遺伝,くさぶえ,
191,遺伝,アンコール,
191,遺伝,やどりぎのタネ,
191,遺伝,しぜんのちから,
191,遺伝,のろい,
191,遺伝,てだすけ,
193,遺伝,ふきとばし,
193,遺伝,きしかいせい,
193,遺伝,きゅうけつ,
193,遺伝,シグナルビーム,
193,遺伝,ぎんいろのかぜ,
194,遺伝,のしかかり,
194,遺伝,げんしのちから,
194,遺伝,しんぴのまもり,
194,遺伝,のろい,
194,遺伝,どろあそび,
194,遺伝,たくわえる,
194,遺伝,のみこむ,
194,遺伝,はきだす,
198,遺伝,ふきとばし,
198,遺伝,ドリルくちばし,
198,遺伝,オウムがえし,
198,遺伝,つばさでうつ,
198,遺伝,ゴッドバード,
198,遺伝,あやしいひかり,
198,遺伝,フェザーダンス,
198,遺伝,ほろびのうた,
200,遺伝,いやなおと,
200,遺伝,みちづれ,
200,遺伝,じこあんじ,
200,遺伝,ふういん,
203,遺伝,とっしん,
203,遺伝,ドわすれ,
203,遺伝,みやぶる,
203,遺伝,みらいよち,
203,遺伝,ふくろだたき,
203,遺伝,じこあんじ,
203,遺伝,ねがいごと,
203,遺伝,マジックコート,
204,遺伝,リフレクター,
204,遺伝,ミサイルばり,
204,遺伝,じたばた,
204,遺伝,スピードスター,
204,遺伝,カウンター,
204,遺伝,すなじごく,
206,遺伝,がまん,
206,遺伝,げんしのちから,
206,遺伝,いわなだれ,
206,遺伝,かみつく,
206,遺伝,ずつき,
206,遺伝,おどろかす,
206,遺伝,のろい,
207,遺伝,メタルクロー,
207,遺伝,つばさでうつ,
207,遺伝,かまいたち,
207,遺伝,カウンター,
207,遺伝,すなじごく,
209,遺伝,ゆびをふる,
209,遺伝,だましうち,
209,遺伝,リフレクター,
209,遺伝,プレゼント,
209,遺伝,かみくだく,
209,遺伝,いやしのすず,
209,遺伝,いびき,
209,遺伝,きつけ,
211,遺伝,じたばた,
211,遺伝,くろいきり,
211,遺伝,バブルこうせん,
211,遺伝,ちょうおんぱ,
211,遺伝,おどろかす,
213,遺伝,あまいかおり,
214,遺伝,かたくなる,
214,遺伝,がまん,
214,遺伝,じたばた,
214,遺伝,みねうち,
215,遺伝,カウンター,
215,遺伝,うらみ,
215,遺伝,みやぶる,
215,遺伝,リフレクター,
215,遺伝,かみつく,
215,遺伝,ブレイククロー,
215,遺伝,ねこだまし,
216,遺伝,かみくだく,
216,遺伝,とっしん,
216,遺伝,ちきゅうなげ,
216,遺伝,カウンター,
216,遺伝,メタルクロー,
216,遺伝,うそなき,
216,遺伝,あくび,
216,遺伝,ねごと,
218,遺伝,とける,
218,遺伝,ねっぷう,
220,遺伝,とっしん,
220,遺伝,かみつく,
220,遺伝,のしかかり,
220,遺伝,いわなだれ,
220,遺伝,げんしのちから,
220,遺伝,マッドショット,
220,遺伝,つららばり,
220,遺伝,すてみタックル,
222,遺伝,いわなだれ,
222,遺伝,いやなおと,
222,遺伝,しろいきり,
222,遺伝,ドわすれ,
222,遺伝,バリアー,
222,遺伝,ねをはる,
222,遺伝,あやしいひかり,
222,遺伝,つららばり,
223,遺伝,オーロラビーム,
223,遺伝,オクタンほう,
223,遺伝,ちょうおんぱ,
223,遺伝,くろいきり,
223,遺伝,いやなおと,
223,遺伝,でんじは,
223,遺伝,ロックブラスト,
225,遺伝,オーロラビーム,
225,遺伝,でんこうせっか,
225,遺伝,みらいよち,
225,遺伝,はねる,
225,遺伝,こうそくスピン,
225,遺伝,アイスボール,
226,遺伝,たつまき,
226,遺伝,ハイドロポンプ,
226,遺伝,くろいきり,
226,遺伝,たたきつける,
226,遺伝,どろあそび,
226,遺伝,いわなだれ,
227,遺伝,ドリルくちばし,
227,遺伝,おいうち,
227,遺伝,ふきとばし,
227,遺伝,ゴッドバード,
227,遺伝,のろい,
228,遺伝,ほのおのうず,
228,遺伝,いかり,
228,遺伝,おいうち,
228,遺伝,カウンター,
228,遺伝,うらみ,
228,遺伝,きしかいせい,
228,遺伝,ふくろだたき,
228,遺伝,おにび,
231,遺伝,きあいだめ,
231,遺伝,のしかかり,
231,遺伝,げんしのちから,
231,遺伝,いびき,
231,遺伝,カウンター,
231,遺伝,じわれ,
234,遺伝,うらみ,
234,遺伝,かなしばり,
234,遺伝,かみつく,
234,遺伝,いばる,
234,遺伝,じこあんじ,
234,遺伝,じんつうりき,
236,遺伝,こうそくスピン,
236,遺伝,とびひざげり,
236,遺伝,マッハパンチ,
236,遺伝,こころのめ,
236,遺伝,てだすけ,
238,遺伝,ヨガのポーズ,
238,遺伝,じこあんじ,
238,遺伝,ねこだまし,
238,遺伝,ねがいごと,
238,遺伝,れいとうパンチ,
239,遺伝,からてチョップ,
239,遺伝,バリアー,
239,遺伝,まわしげり,
239,遺伝,ヨガのポーズ,
239,遺伝,クロスチョップ,
239,遺伝,ほのおのパンチ,
239,遺伝,れいとうパンチ,
240,遺伝,からてチョップ,
240,遺伝,メガトンパンチ,
240,遺伝,バリアー,
240,遺伝,いやなおと,
240,遺伝,クロスチョップ,
240,遺伝,かみなりパンチ,
241,遺伝,プレゼント,
241,遺伝,きしかいせい,
241,遺伝,ちきゅうなげ,
241,遺伝,こらえる,
241,遺伝,じこあんじ,
241,遺伝,のろい,
241,遺伝,てだすけ,
241,遺伝,ねごと,
246,遺伝,おいうち,
246,遺伝,ふみつけ,
246,遺伝,げきりん,
246,遺伝,きあいだめ,
246,遺伝,げんしのちから,
246,遺伝,りゅうのまい,
246,遺伝,のろい,
252,遺伝,かみくだく,
252,遺伝,どろあそび,
252,遺伝,がむしゃら,
252,遺伝,やどりぎのタネ,
252,遺伝,りゅうのいぶき,
252,遺伝,ブレイククロー,
255,遺伝,カウンター,
255,遺伝,きしかいせい,
255,遺伝,こらえる,
255,遺伝,いばる,
255,遺伝,いわなだれ,
255,遺伝,きつけ,
258,遺伝,リフレッシュ,
258,遺伝,さわぐ,
258,遺伝,のろい,
258,遺伝,ふみつけ,
258,遺伝,アイスボール,
258,遺伝,ミラーコート,
261,遺伝,おどろかす,
261,遺伝,どくどくのキバ,
261,遺伝,ほしがる,
261,遺伝,にらみつける,
261,遺伝,あくび,
263,遺伝,あまえる,
263,遺伝,おいうち,
263,遺伝,みがわり,
263,遺伝,くすぐる,
263,遺伝,トリック,
270,遺伝,こうごうせい,
270,遺伝,はっぱカッター,
270,遺伝,あまいかおり,
270,遺伝,やどりぎのタネ,
270,遺伝,じたばた,
270,遺伝,みずでっぽう,
273,遺伝,やどりぎのタネ,
273,遺伝,ドわすれ,
273,遺伝,でんこうせっか,
273,遺伝,かまいたち,
273,遺伝,とっしん,
273,遺伝,みねうち,
276,遺伝,おいうち,
276,遺伝,ちょうおんぱ,
276,遺伝,リフレッシュ,
276,遺伝,オウムがえし,
276,遺伝,いかり,
276,遺伝,ゴッドバード,
278,遺伝,しろいきり,
278,遺伝,たつまき,
278,遺伝,こうそくいどう,
278,遺伝,かぜおこし,
278,遺伝,みずあそび,
280,遺伝,かなしばり,
280,遺伝,おにび,
280,遺伝,くろいまなざし,
280,遺伝,おきみやげ,
280,遺伝,みちづれ,
283,遺伝,みやぶる,
283,遺伝,マッドショット,
283,遺伝,サイケこうせん,
283,遺伝,ハイドロポンプ,
283,遺伝,こころのめ,
285,遺伝,うそなき,
285,遺伝,いばる,
285,遺伝,あまえる,
285,遺伝,みねうち,
285,遺伝,てだすけ,
287,遺伝,おいうち,
287,遺伝,きりさく,
287,遺伝,のしかかり,
287,遺伝,いびき,
287,遺伝,ブレイククロー,
287,遺伝,のろい,
287,遺伝,ねごと,
290,遺伝,こらえる,
290,遺伝,だましうち,
290,遺伝,かぜおこし,
290,遺伝,ぎんいろのかぜ,
293,遺伝,とっしん,
293,遺伝,いびき,
293,遺伝,いばる,
293,遺伝,じんつうりき,
293,遺伝,きつけ,
296,遺伝,だましうち,
296,遺伝,みきり,
296,遺伝,みやぶる,
296,遺伝,てだすけ,
296,遺伝,クロスチョップ,
296,遺伝,リベンジ,
296,遺伝,ばくれつパンチ,
296,遺伝,カウンター,
298,遺伝,アンコール,
298,遺伝,うたう,
298,遺伝,リフレッシュ,
298,遺伝,たたきつける,
298,遺伝,くすぐる,
299,遺伝,マグニチュード,
299,遺伝,ころがる,
299,遺伝,だいばくはつ,
300,遺伝,てだすけ,
300,遺伝,じこあんじ,
300,遺伝,さわぐ,
300,遺伝,うそなき,
300,遺伝,ねがいごと,
300,遺伝,バトンタッチ,
300,遺伝,みがわり,
300,遺伝,くすぐる,
302,遺伝,じこあんじ,
302,遺伝,じこさいせい,
302,遺伝,つきのひかり,
303,遺伝,つるぎのまい,
303,遺伝,みねうち,
303,遺伝,どくどくのキバ,
303,遺伝,じこあんじ,
303,遺伝,げんしのちから,
303,遺伝,くすぐる,
304,遺伝,がむしゃら,
304,遺伝,のしかかり,
304,遺伝,ふみつけ,
304,遺伝,きつけ,
307,遺伝,ほのおのパンチ,
307,遺伝,かみなりパンチ,
307,遺伝,れいとうパンチ,
307,遺伝,みやぶる,
307,遺伝,ねこだまし,
307,遺伝,バトンタッチ,
307,遺伝,ばくれつパンチ,
309,遺伝,かみくだく,
309,遺伝,ずつき,
309,遺伝,さわぐ,
309,遺伝,のろい,
309,遺伝,スピードスター,
311,遺伝,みがわり,
311,遺伝,ねがいごと,
312,遺伝,みがわり,
312,遺伝,ねがいごと,
313,遺伝,バトンタッチ,
313,遺伝,ぎんいろのかぜ,
313,遺伝,トリック,
314,遺伝,バトンタッチ,
314,遺伝,ぎんいろのかぜ,
314,遺伝,せいちょう,
315,遺伝,まきびし,
315,遺伝,こうごうせい,
315,遺伝,ミサイルばり,
315,遺伝,わたほうし,
316,遺伝,ゆめくい,
316,遺伝,とける,
316,遺伝,スモッグ,
316,遺伝,いたみわけ,
318,遺伝,ハイドロポンプ,
318,遺伝,すてみタックル,
318,遺伝,あばれる,
320,遺伝,すてみタックル,
320,遺伝,あばれる,
320,遺伝,いばる,
320,遺伝,いびき,
320,遺伝,ねごと,
320,遺伝,のろい,
320,遺伝,じわれ,
320,遺伝,くすぐる,
322,遺伝,とおぼえ,
322,遺伝,こわいかお,
322,遺伝,のしかかり,
322,遺伝,ころがる,
322,遺伝,まるくなる,
322,遺伝,ふみつけ,
324,遺伝,ふんか,
324,遺伝,こらえる,
324,遺伝,ねごと,
324,遺伝,あくび,
325,遺伝,みらいよち,
325,遺伝,じんつうりき,
325,遺伝,みがわり,
325,遺伝,トリック,
327,遺伝,アンコール,
327,遺伝,いわなだれ,
327,遺伝,ねこのて,
327,遺伝,かなしばり,
327,遺伝,バトンタッチ,
327,遺伝,ねがいごと,
327,遺伝,トリック,
327,遺伝,きつけ,
328,遺伝,きあいだめ,
328,遺伝,でんこうせっか,
328,遺伝,かぜおこし,
331,遺伝,くさぶえ,
331,遺伝,ようかいえき,
331,遺伝,フラフラダンス,
331,遺伝,ばくれつパンチ,
331,遺伝,カウンター,
333,遺伝,こうそくいどう,
333,遺伝,くろいきり,
333,遺伝,おいうち,
333,遺伝,いかり,
335,遺伝,じたばた,
335,遺伝,にどげり,
335,遺伝,かまいたち,
335,遺伝,カウンター,
335,遺伝,ほえる,
335,遺伝,のろい,
336,遺伝,たくわえる,
336,遺伝,のみこむ,
336,遺伝,はきだす,
336,遺伝,のしかかり,
339,遺伝,あばれる,
339,遺伝,うずしお,
339,遺伝,スパーク,
341,遺伝,どろあそび,
341,遺伝,がむしゃら,
341,遺伝,のしかかり,
341,遺伝,げんしのちから,
345,遺伝,バリアー,
345,遺伝,じこさいせい,
345,遺伝,ミラーコート,
345,遺伝,いわなだれ,
347,遺伝,こうそくスピン,
347,遺伝,はたきおとす,
347,遺伝,つるぎのまい,
347,遺伝,いわなだれ,
349,遺伝,ミラーコート,
349,遺伝,りゅうのいぶき,
349,遺伝,どろあそび,
349,遺伝,さいみんじゅつ,
349,遺伝,ひかりのかべ,
349,遺伝,あやしいひかり,
351,遺伝,みらいよち,
351,遺伝,じこあんじ,
352,遺伝,かなしばり,
352,遺伝,マジックコート,
352,遺伝,トリック,
353,遺伝,かなしばり,
353,遺伝,みちづれ,
353,遺伝,みやぶる,
353,遺伝,おどろかす,
353,遺伝,ふういん,
355,遺伝,ふういん,
355,遺伝,みちづれ,
355,遺伝,いたみわけ,
355,遺伝,おんねん,
355,遺伝,おきみやげ,
355,遺伝,だましうち,
357,遺伝,ずつき,
357,遺伝,たたきつける,
357,遺伝,かまいたち,
357,遺伝,やどりぎのタネ,
357,遺伝,しぜんのちから,
358,遺伝,かなしばり,
358,遺伝,のろい,
358,遺伝,さいみんじゅつ,
358,遺伝,ゆめくい,
359,遺伝,バトンタッチ,
359,遺伝,だましうち,
359,遺伝,すてみタックル,
359,遺伝,マジックコート,
359,遺伝,のろい,
359,遺伝,みがわり,
361,遺伝,とおせんぼう,
361,遺伝,まきびし,
363,遺伝,みずあそび,
363,遺伝,たくわえる,
363,遺伝,のみこむ,
363,遺伝,はきだす,
363,遺伝,あくび,
363,遺伝,いわなだれ,
363,遺伝,のろい,
363,遺伝,じわれ,
366,遺伝,リフレッシュ,
366,遺伝,どろあそび,
366,遺伝,のしかかり,
366,遺伝,ちょうおんぱ,
366,遺伝,バリアー,
366,遺伝,あやしいひかり,
369,遺伝,マグニチュード,
369,遺伝,ロケットずつき,
369,遺伝,みずあそび,
369,遺伝,ドわすれ,
369,遺伝,ねごと,
369,遺伝,いわなだれ,
370,遺伝,はねる,
370,遺伝,ちょうおんぱ,
370,遺伝,みずあそび,
370,遺伝,どろあそび,
371,遺伝,ハイドロポンプ,
371,遺伝,あばれる,
371,遺伝,りゅうのいかり,
371,遺伝,たつまき,
371,遺伝,りゅうのまい,
372,遺伝,ハイドロポンプ,
372,遺伝,あばれる,
372,遺伝,りゅうのいかり,
372,遺伝,たつまき,
372,遺伝,りゅうのまい,
373,遺伝,ハイドロポンプ,
373,遺伝,あばれる,
373,遺伝,りゅうのいかり,
373,遺伝,たつまき,
373,遺伝,りゅうのまい,
374,なし,　　,
375,なし,　　,
376,なし,　　,
377,なし,　　,
378,なし,　　,
379,なし,　　,
380,なし,　　,
381,なし,　　,
382,なし,　　,
383,なし,　　,
384,なし,　　,
385,なし,　　,
386,なし,　　,
387,未登場,他の世代を御覧ください,
388,未登場,他の世代を御覧ください,
389,未登場,他の世代を御覧ください,
390,未登場,他の世代を御覧ください,
391,未登場,他の世代を御覧ください,
392,未登場,他の世代を御覧ください,
393,未登場,他の世代を御覧ください,
394,未登場,他の世代を御覧ください,
395,未登場,他の世代を御覧ください,
396,未登場,他の世代を御覧ください,
397,未登場,他の世代を御覧ください,
398,未登場,他の世代を御覧ください,
399,未登場,他の世代を御覧ください,
400,未登場,他の世代を御覧ください,
401,未登場,他の世代を御覧ください,
402,未登場,他の世代を御覧ください,
403,未登場,他の世代を御覧ください,
404,未登場,他の世代を御覧ください,
405,未登場,他の世代を御覧ください,
406,未登場,他の世代を御覧ください,
407,未登場,他の世代を御覧ください,
408,未登場,他の世代を御覧ください,
409,未登場,他の世代を御覧ください,
410,未登場,他の世代を御覧ください,
411,未登場,他の世代を御覧ください,
412,未登場,他の世代を御覧ください,
413,未登場,他の世代を御覧ください,
414,未登場,他の世代を御覧ください,
415,未登場,他の世代を御覧ください,
416,未登場,他の世代を御覧ください,
417,未登場,他の世代を御覧ください,
418,未登場,他の世代を御覧ください,
419,未登場,他の世代を御覧ください,
420,未登場,他の世代を御覧ください,
421,未登場,他の世代を御覧ください,
422,未登場,他の世代を御覧ください,
423,未登場,他の世代を御覧ください,
424,未登場,他の世代を御覧ください,
425,未登場,他の世代を御覧ください,
426,未登場,他の世代を御覧ください,
427,未登場,他の世代を御覧ください,
428,未登場,他の世代を御覧ください,
429,未登場,他の世代を御覧ください,
430,未登場,他の世代を御覧ください,
431,未登場,他の世代を御覧ください,
432,未登場,他の世代を御覧ください,
433,未登場,他の世代を御覧ください,
434,未登場,他の世代を御覧ください,
435,未登場,他の世代を御覧ください,
436,未登場,他の世代を御覧ください,
437,未登場,他の世代を御覧ください,
438,未登場,他の世代を御覧ください,
439,未登場,他の世代を御覧ください,
440,未登場,他の世代を御覧ください,
441,未登場,他の世代を御覧ください,
442,未登場,他の世代を御覧ください,
443,未登場,他の世代を御覧ください,
444,未登場,他の世代を御覧ください,
445,未登場,他の世代を御覧ください,
446,未登場,他の世代を御覧ください,
447,未登場,他の世代を御覧ください,
448,未登場,他の世代を御覧ください,
449,未登場,他の世代を御覧ください,
450,未登場,他の世代を御覧ください,
451,未登場,他の世代を御覧ください,
452,未登場,他の世代を御覧ください,
453,未登場,他の世代を御覧ください,
454,未登場,他の世代を御覧ください,
455,未登場,他の世代を御覧ください,
456,未登場,他の世代を御覧ください,
457,未登場,他の世代を御覧ください,
458,未登場,他の世代を御覧ください,
459,未登場,他の世代を御覧ください,
460,未登場,他の世代を御覧ください,
461,未登場,他の世代を御覧ください,
462,未登場,他の世代を御覧ください,
463,未登場,他の世代を御覧ください,
464,未登場,他の世代を御覧ください,
465,未登場,他の世代を御覧ください,
466,未登場,他の世代を御覧ください,
467,未登場,他の世代を御覧ください,
468,未登場,他の世代を御覧ください,
469,未登場,他の世代を御覧ください,
470,未登場,他の世代を御覧ください,
471,未登場,他の世代を御覧ください,
472,未登場,他の世代を御覧ください,
473,未登場,他の世代を御覧ください,
474,未登場,他の世代を御覧ください,
475,未登場,他の世代を御覧ください,
476,未登場,他の世代を御覧ください,
477,未登場,他の世代を御覧ください,
478,未登場,他の世代を御覧ください,
479,未登場,他の世代を御覧ください,
480,未登場,他の世代を御覧ください,
481,未登場,他の世代を御覧ください,
482,未登場,他の世代を御覧ください,
483,未登場,他の世代を御覧ください,
484,未登場,他の世代を御覧ください,
485,未登場,他の世代を御覧ください,
486,未登場,他の世代を御覧ください,
487,未登場,他の世代を御覧ください,
488,未登場,他の世代を御覧ください,
489,未登場,他の世代を御覧ください,
490,未登場,他の世代を御覧ください,
491,未登場,他の世代を御覧ください,
492,未登場,他の世代を御覧ください,
493,未登場,他の世代を御覧ください,
494,未登場,他の世代を御覧ください,
495,未登場,他の世代を御覧ください,
496,未登場,他の世代を御覧ください,
497,未登場,他の世代を御覧ください,
498,未登場,他の世代を御覧ください,
499,未登場,他の世代を御覧ください,
500,未登場,他の世代を御覧ください,
501,未登場,他の世代を御覧ください,
502,未登場,他の世代を御覧ください,
503,未登場,他の世代を御覧ください,
504,未登場,他の世代を御覧ください,
505,未登場,他の世代を御覧ください,
506,未登場,他の世代を御覧ください,
507,未登場,他の世代を御覧ください,
508,未登場,他の世代を御覧ください,
509,未登場,他の世代を御覧ください,
510,未登場,他の世代を御覧ください,
511,未登場,他の世代を御覧ください,
512,未登場,他の世代を御覧ください,
513,未登場,他の世代を御覧ください,
514,未登場,他の世代を御覧ください,
515,未登場,他の世代を御覧ください,
516,未登場,他の世代を御覧ください,
517,未登場,他の世代を御覧ください,
518,未登場,他の世代を御覧ください,
519,未登場,他の世代を御覧ください,
520,未登場,他の世代を御覧ください,
521,未登場,他の世代を御覧ください,
522,未登場,他の世代を御覧ください,
523,未登場,他の世代を御覧ください,
524,未登場,他の世代を御覧ください,
525,未登場,他の世代を御覧ください,
526,未登場,他の世代を御覧ください,
527,未登場,他の世代を御覧ください,
528,未登場,他の世代を御覧ください,
529,未登場,他の世代を御覧ください,
530,未登場,他の世代を御覧ください,
531,未登場,他の世代を御覧ください,
532,未登場,他の世代を御覧ください,
533,未登場,他の世代を御覧ください,
534,未登場,他の世代を御覧ください,
535,未登場,他の世代を御覧ください,
536,未登場,他の世代を御覧ください,
537,未登場,他の世代を御覧ください,
538,未登場,他の世代を御覧ください,
539,未登場,他の世代を御覧ください,
540,未登場,他の世代を御覧ください,
541,未登場,他の世代を御覧ください,
542,未登場,他の世代を御覧ください,
543,未登場,他の世代を御覧ください,
544,未登場,他の世代を御覧ください,
545,未登場,他の世代を御覧ください,
546,未登場,他の世代を御覧ください,
547,未登場,他の世代を御覧ください,
548,未登場,他の世代を御覧ください,
549,未登場,他の世代を御覧ください,
550,未登場,他の世代を御覧ください,
551,未登場,他の世代を御覧ください,
552,未登場,他の世代を御覧ください,
553,未登場,他の世代を御覧ください,
554,未登場,他の世代を御覧ください,
555,未登場,他の世代を御覧ください,
556,未登場,他の世代を御覧ください,
557,未登場,他の世代を御覧ください,
558,未登場,他の世代を御覧ください,
559,未登場,他の世代を御覧ください,
560,未登場,他の世代を御覧ください,
561,未登場,他の世代を御覧ください,
562,未登場,他の世代を御覧ください,
563,未登場,他の世代を御覧ください,
564,未登場,他の世代を御覧ください,
565,未登場,他の世代を御覧ください,
566,未登場,他の世代を御覧ください,
567,未登場,他の世代を御覧ください,
568,未登場,他の世代を御覧ください,
569,未登場,他の世代を御覧ください,
570,未登場,他の世代を御覧ください,
571,未登場,他の世代を御覧ください,
572,未登場,他の世代を御覧ください,
573,未登場,他の世代を御覧ください,
574,未登場,他の世代を御覧ください,
575,未登場,他の世代を御覧ください,
576,未登場,他の世代を御覧ください,
577,未登場,他の世代を御覧ください,
578,未登場,他の世代を御覧ください,
579,未登場,他の世代を御覧ください,
580,未登場,他の世代を御覧ください,
581,未登場,他の世代を御覧ください,
582,未登場,他の世代を御覧ください,
583,未登場,他の世代を御覧ください,
584,未登場,他の世代を御覧ください,
585,未登場,他の世代を御覧ください,
586,未登場,他の世代を御覧ください,
587,未登場,他の世代を御覧ください,
588,未登場,他の世代を御覧ください,
589,未登場,他の世代を御覧ください,
590,未登場,他の世代を御覧ください,
591,未登場,他の世代を御覧ください,
592,未登場,他の世代を御覧ください,
593,未登場,他の世代を御覧ください,
594,未登場,他の世代を御覧ください,
595,未登場,他の世代を御覧ください,
596,未登場,他の世代を御覧ください,
597,未登場,他の世代を御覧ください,
598,未登場,他の世代を御覧ください,
599,未登場,他の世代を御覧ください,
600,未登場,他の世代を御覧ください,
601,未登場,他の世代を御覧ください,
602,未登場,他の世代を御覧ください,
603,未登場,他の世代を御覧ください,
604,未登場,他の世代を御覧ください,
605,未登場,他の世代を御覧ください,
606,未登場,他の世代を御覧ください,
607,未登場,他の世代を御覧ください,
608,未登場,他の世代を御覧ください,
609,未登場,他の世代を御覧ください,
610,未登場,他の世代を御覧ください,
611,未登場,他の世代を御覧ください,
612,未登場,他の世代を御覧ください,
613,未登場,他の世代を御覧ください,
614,未登場,他の世代を御覧ください,
615,未登場,他の世代を御覧ください,
616,未登場,他の世代を御覧ください,
617,未登場,他の世代を御覧ください,
618,未登場,他の世代を御覧ください,
619,未登場,他の世代を御覧ください,
620,未登場,他の世代を御覧ください,
621,未登場,他の世代を御覧ください,
622,未登場,他の世代を御覧ください,
623,未登場,他の世代を御覧ください,
624,未登場,他の世代を御覧ください,
625,未登場,他の世代を御覧ください,
626,未登場,他の世代を御覧ください,
627,未登場,他の世代を御覧ください,
628,未登場,他の世代を御覧ください,
629,未登場,他の世代を御覧ください,
630,未登場,他の世代を御覧ください,
631,未登場,他の世代を御覧ください,
632,未登場,他の世代を御覧ください,
633,未登場,他の世代を御覧ください,
634,未登場,他の世代を御覧ください,
635,未登場,他の世代を御覧ください,
636,未登場,他の世代を御覧ください,
637,未登場,他の世代を御覧ください,
638,未登場,他の世代を御覧ください,
639,未登場,他の世代を御覧ください,
640,未登場,他の世代を御覧ください,
641,未登場,他の世代を御覧ください,
642,未登場,他の世代を御覧ください,
643,未登場,他の世代を御覧ください,
644,未登場,他の世代を御覧ください,
645,未登場,他の世代を御覧ください,
646,未登場,他の世代を御覧ください,
647,未登場,他の世代を御覧ください,
648,未登場,他の世代を御覧ください,
649,未登場,他の世代を御覧ください,
650,未登場,他の世代を御覧ください,
651,未登場,他の世代を御覧ください,
652,未登場,他の世代を御覧ください,
653,未登場,他の世代を御覧ください,
654,未登場,他の世代を御覧ください,
655,未登場,他の世代を御覧ください,
656,未登場,他の世代を御覧ください,
657,未登場,他の世代を御覧ください,
658,未登場,他の世代を御覧ください,
659,未登場,他の世代を御覧ください,
660,未登場,他の世代を御覧ください,
661,未登場,他の世代を御覧ください,
662,未登場,他の世代を御覧ください,
663,未登場,他の世代を御覧ください,
664,未登場,他の世代を御覧ください,
665,未登場,他の世代を御覧ください,
666,未登場,他の世代を御覧ください,
667,未登場,他の世代を御覧ください,
668,未登場,他の世代を御覧ください,
669,未登場,他の世代を御覧ください,
670,未登場,他の世代を御覧ください,
671,未登場,他の世代を御覧ください,
672,未登場,他の世代を御覧ください,
673,未登場,他の世代を御覧ください,
674,未登場,他の世代を御覧ください,
675,未登場,他の世代を御覧ください,
676,未登場,他の世代を御覧ください,
677,未登場,他の世代を御覧ください,
678,未登場,他の世代を御覧ください,
679,未登場,他の世代を御覧ください,
680,未登場,他の世代を御覧ください,
681,未登場,他の世代を御覧ください,
682,未登場,他の世代を御覧ください,
683,未登場,他の世代を御覧ください,
684,未登場,他の世代を御覧ください,
685,未登場,他の世代を御覧ください,
686,未登場,他の世代を御覧ください,
687,未登場,他の世代を御覧ください,
688,未登場,他の世代を御覧ください,
689,未登場,他の世代を御覧ください,
690,未登場,他の世代を御覧ください,
691,未登場,他の世代を御覧ください,
692,未登場,他の世代を御覧ください,
693,未登場,他の世代を御覧ください,
694,未登場,他の世代を御覧ください,
695,未登場,他の世代を御覧ください,
696,未登場,他の世代を御覧ください,
697,未登場,他の世代を御覧ください,
698,未登場,他の世代を御覧ください,
699,未登場,他の世代を御覧ください,
700,未登場,他の世代を御覧ください,
701,未登場,他の世代を御覧ください,
702,未登場,他の世代を御覧ください,
703,未登場,他の世代を御覧ください,
704,未登場,他の世代を御覧ください,
705,未登場,他の世代を御覧ください,
706,未登場,他の世代を御覧ください,
707,未登場,他の世代を御覧ください,
708,未登場,他の世代を御覧ください,
709,未登場,他の世代を御覧ください,
710,未登場,他の世代を御覧ください,
711,未登場,他の世代を御覧ください,
712,未登場,他の世代を御覧ください,
713,未登場,他の世代を御覧ください,
714,未登場,他の世代を御覧ください,
715,未登場,他の世代を御覧ください,
716,未登場,他の世代を御覧ください,
717,未登場,他の世代を御覧ください,
718,未登場,他の世代を御覧ください,
719,未登場,他の世代を御覧ください,
720,未登場,他の世代を御覧ください,
721,未登場,他の世代を御覧ください,