1,プラターヌ博士からもらう
1,進化・タマゴで入手
1,過去作からポケバンクで移動
2,フレンドサファリ(くさ)(2枠目)
2,進化・タマゴで入手
2,過去作からポケバンクで移動
3,進化・タマゴで入手
3,過去作からポケバンクで移動
4,プラターヌ博士からもらう
4,進化・タマゴで入手
4,過去作からポケバンクで移動
5,フレンドサファリ(ほのお)(2枠目)
5,進化・タマゴで入手
5,過去作からポケバンクで移動
6,進化・タマゴで入手
6,過去作からポケバンクで移動
7,プラターヌ博士からもらう
7,進化・タマゴで入手
7,過去作からポケバンクで移動
8,フレンドサファリ(みず)(2枠目)
8,進化・タマゴで入手
8,過去作からポケバンクで移動
9,進化・タマゴで入手
9,過去作からポケバンクで移動
10,2番道路(Yのみ)
10,ハクダンの森
10,野生のポケモンを捕まえる
10,進化・タマゴで入手
10,過去作からポケバンクで移動
11,ハクダンの森(Yのみ)
11,野生のポケモンを捕まえる
11,進化・タマゴで入手
11,過去作からポケバンクで移動
12,フレンドサファリ(むし)(1枠目)
12,進化・タマゴで入手
12,過去作からポケバンクで移動
13,2番道路(Xのみ)
13,ハクダンの森
13,野生のポケモンを捕まえる
13,進化・タマゴで入手
13,過去作からポケバンクで移動
14,ハクダンの森(Xのみ)
14,フレンドサファリ(どく)(1枠目)
14,野生のポケモンを捕まえる
14,進化・タマゴで入手
14,過去作からポケバンクで移動
15,進化・タマゴで入手
15,過去作からポケバンクで移動
16,2番道路
16,3番道路
16,フレンドサファリ(ひこう)(1枠目)
16,野生のポケモンを捕まえる
16,進化・タマゴで入手
16,過去作からポケバンクで移動
17,進化・タマゴで入手
17,過去作からポケバンクで移動
18,進化・タマゴで入手
18,過去作からポケバンクで移動
19,進化・タマゴで入手
19,過去作からポケバンクで移動
20,進化・タマゴで入手
20,過去作からポケバンクで移動
21,フレンドサファリ(ひこう)(1枠目)
21,進化・タマゴで入手
21,過去作からポケバンクで移動
22,チャンピオンロード(外・飛び出し)
22,野生のポケモンを捕まえる
22,進化・タマゴで入手
22,過去作からポケバンクで移動
23,14番道路(群れ)
23,野生のポケモンを捕まえる
23,進化・タマゴで入手
23,過去作からポケバンクで移動
24,19番道路(群れ)
24,野生のポケモンを捕まえる
24,進化・タマゴで入手
24,過去作からポケバンクで移動
25,3番道路
25,ハクダンの森
25,フレンドサファリ(でんき)(2枠目)
25,野生のポケモンを捕まえる
25,進化・タマゴで入手
25,過去作からポケバンクで移動
26,進化・タマゴで入手
26,過去作からポケバンクで移動
27,フレンドサファリ(じめん)(1枠目)
27,進化・タマゴで入手
27,過去作からポケバンクで移動
28,18番道路
28,終の洞窟
28,野生のポケモンを捕まえる
28,進化・タマゴで入手
28,過去作からポケバンクで移動
29,11番道路(群れ)
29,野生のポケモンを捕まえる
29,進化・タマゴで入手
29,過去作からポケバンクで移動
30,11番道路
30,野生のポケモンを捕まえる
30,進化・タマゴで入手
30,過去作からポケバンクで移動
31,進化・タマゴで入手
31,過去作からポケバンクで移動
32,11番道路(群れ)
32,野生のポケモンを捕まえる
32,進化・タマゴで入手
32,過去作からポケバンクで移動
33,11番道路
33,野生のポケモンを捕まえる
33,進化・タマゴで入手
33,過去作からポケバンクで移動
34,進化・タマゴで入手
34,過去作からポケバンクで移動
35,フレンドサファリ(フェアリー)(3枠目)
35,進化・タマゴで入手
35,過去作からポケバンクで移動
36,進化・タマゴで入手
36,過去作からポケバンクで移動
37,進化・タマゴで入手
37,過去作からポケバンクで移動
38,フレンドサファリ(ほのお)(3枠目)
38,進化・タマゴで入手
38,過去作からポケバンクで移動
39,20番道路
39,ポケモンの村
39,フレンドサファリ(フェアリー)(2枠目)
39,野生のポケモンを捕まえる
39,進化・タマゴで入手
39,過去作からポケバンクで移動
40,進化・タマゴで入手
40,過去作からポケバンクで移動
41,地つなぎの洞穴
41,地つなぎの洞穴(群れ)
41,野生のポケモンを捕まえる
41,進化・タマゴで入手
41,過去作からポケバンクで移動
42,進化・タマゴで入手
42,過去作からポケバンクで移動
43,6番道路
43,フレンドサファリ(くさ)(1枠目)
43,野生のポケモンを捕まえる
43,進化・タマゴで入手
43,過去作からポケバンクで移動
44,フレンドサファリ(どく)(1枠目)
44,進化・タマゴで入手
44,過去作からポケバンクで移動
45,進化・タマゴで入手
45,過去作からポケバンクで移動
46,フレンドサファリ(むし)(1枠目)
46,進化・タマゴで入手
46,過去作からポケバンクで移動
47,進化・タマゴで入手
47,過去作からポケバンクで移動
48,進化・タマゴで入手
48,過去作からポケバンクで移動
49,フレンドサファリ(どく)(2枠目)
49,フレンドサファリ(むし)(3枠目)
49,進化・タマゴで入手
49,過去作からポケバンクで移動
50,進化・タマゴで入手
50,過去作からポケバンクで移動
51,13番道路(飛び出し)
51,フレンドサファリ(じめん)(2枠目)
51,野生のポケモンを捕まえる
51,進化・タマゴで入手
51,過去作からポケバンクで移動
52,進化・タマゴで入手
52,過去作からポケバンクで移動
53,進化・タマゴで入手
53,過去作からポケバンクで移動
54,7番道路(群れ)
54,22番道路
54,22番道路(水上)
54,野生のポケモンを捕まえる
54,進化・タマゴで入手
54,過去作からポケバンクで移動
55,進化・タマゴで入手
55,過去作からポケバンクで移動
56,フレンドサファリ(かくとう)(1枠目)
56,進化・タマゴで入手
56,過去作からポケバンクで移動
57,進化・タマゴで入手
57,過去作からポケバンクで移動
58,フレンドサファリ(ほのお)(1枠目)
58,進化・タマゴで入手
58,過去作からポケバンクで移動
59,進化・タマゴで入手
59,過去作からポケバンクで移動
60,14番道路(ボロ釣り)
60,15番道路(ボロ釣り)
60,16番道路(ボロ釣り)
60,19番道路(ボロ釣り)
60,21番道路(ボロ釣り)
60,クノエシティ(ボロ釣り)
60,フロストケイブ(ボロ釣り)
60,レンリタウン(ボロ釣り)
60,ポケモンの村(群れ)
60,ポケモンの村(ボロ釣り)
60,チャンピオンロード(ボロ釣り)
60,野生のポケモンを捕まえる
60,進化・タマゴで入手
60,過去作からポケバンクで移動
61,14番道路(いい釣り)
61,14番道路(すごい釣り)
61,15番道路(いい釣り)
61,15番道路(すごい釣り)
61,16番道路(いい釣り)
61,16番道路(すごい釣り)
61,19番道路(いい釣り)
61,19番道路(すごい釣り)
61,21番道路(いい釣り)
61,21番道路(すごい釣り)
61,クノエシティ(いい釣り)
61,クノエシティ(すごい釣り)
61,フロストケイブ(水上)
61,フロストケイブ(いい釣り)
61,フロストケイブ(すごい釣り)
61,レンリタウン(いい釣り)
61,レンリタウン(すごい釣り)
61,ポケモンの村(水上)
61,ポケモンの村(いい釣り)
61,ポケモンの村(すごい釣り)
61,チャンピオンロード(水上)
61,チャンピオンロード(いい釣り)
61,チャンピオンロード(すごい釣り)
61,フレンドサファリ(みず)(3枠目)
61,野生のポケモンを捕まえる
61,進化・タマゴで入手
61,過去作からポケバンクで移動
62,チャンピオンロード(最奥・すごい釣り)
62,野生のポケモンを捕まえる
62,進化・タマゴで入手
62,過去作からポケバンクで移動
63,5番道路
63,フレンドサファリ(エスパー)(1枠目)
63,野生のポケモンを捕まえる
63,進化・タマゴで入手
63,過去作からポケバンクで移動
64,進化・タマゴで入手
64,過去作からポケバンクで移動
65,進化・タマゴで入手
65,過去作からポケバンクで移動
66,輝きの洞窟
66,野生のポケモンを捕まえる
66,進化・タマゴで入手
66,過去作からポケバンクで移動
67,フレンドサファリ(かくとう)(1枠目)
67,進化・タマゴで入手
67,過去作からポケバンクで移動
68,進化・タマゴで入手
68,過去作からポケバンクで移動
69,14番道路(群れ)
69,野生のポケモンを捕まえる
69,進化・タマゴで入手
69,過去作からポケバンクで移動
70,14番道路
70,16番道路(黄色花畑)
70,19番道路(花畑)
70,19番道路(群れ)
70,野生のポケモンを捕まえる
70,進化・タマゴで入手
70,過去作からポケバンクで移動
71,進化・タマゴで入手
71,過去作からポケバンクで移動
72,8番道路(水上)
72,12番道路(水上)
72,コウジンタウン(水上)
72,ショウヨウシティ(水上)
72,シャラシティ(水上)
72,アズール湾(水上)
72,野生のポケモンを捕まえる
72,進化・タマゴで入手
72,過去作からポケバンクで移動
73,進化・タマゴで入手
73,過去作からポケバンクで移動
74,18番道路(群れ)
74,終の洞窟(群れ)
74,チャンピオンロード(群れ)
74,野生のポケモンを捕まえる
74,進化・タマゴで入手
74,過去作からポケバンクで移動
75,13番道路(岩砕き)
75,18番道路
75,18番道路(岩砕き)
75,終の洞窟
75,終の洞窟(岩砕き)
75,チャンピオンロード
75,チャンピオンロード(群れ)
75,チャンピオンロード(飛び出し)
75,チャンピオンロード(岩砕き)
75,野生のポケモンを捕まえる
75,進化・タマゴで入手
75,過去作からポケバンクで移動
76,進化・タマゴで入手
76,過去作からポケバンクで移動
77,フレンドサファリ(ほのお)(1枠目)
77,進化・タマゴで入手
77,過去作からポケバンクで移動
78,進化・タマゴで入手
78,過去作からポケバンクで移動
79,12番道路
79,アズール湾
79,アズール湾(群れ)
79,野生のポケモンを捕まえる
79,進化・タマゴで入手
79,過去作からポケバンクで移動
80,進化・タマゴで入手
80,過去作からポケバンクで移動
81,進化・タマゴで入手
81,過去作からポケバンクで移動
82,荒れ果てホテル
82,フレンドサファリ(はがね)(1枠目)
82,野生のポケモンを捕まえる
82,進化・タマゴで入手
82,過去作からポケバンクで移動
83,22番道路
83,ハクダンシティでホルビーと交換で入手
83,フレンドサファリ(ひこう)(1枠目)
83,野生のポケモンを捕まえる
83,過去作からポケバンクで移動
84,5番道路
84,フレンドサファリ(ひこう)(1枠目)
84,野生のポケモンを捕まえる
84,進化・タマゴで入手
84,過去作からポケバンクで移動
85,進化・タマゴで入手
85,過去作からポケバンクで移動
86,進化・タマゴで入手
86,過去作からポケバンクで移動
87,フレンドサファリ(こおり)(3枠目)
87,進化・タマゴで入手
87,過去作からポケバンクで移動
88,進化・タマゴで入手
88,過去作からポケバンクで移動
89,フレンドサファリ(どく)(3枠目)
89,進化・タマゴで入手
89,過去作からポケバンクで移動
90,8番道路(いい釣り)(Yのみ)
90,野生のポケモンを捕まえる
90,進化・タマゴで入手
90,過去作からポケバンクで移動
91,8番道路(すごい釣り)(Yのみ)
91,フレンドサファリ(こおり)(3枠目)
91,野生のポケモンを捕まえる
91,進化・タマゴで入手
91,過去作からポケバンクで移動
92,進化・タマゴで入手
92,過去作からポケバンクで移動
93,14番道路
93,14番道路(沼)
93,19番道路
93,19番道路(沼)
93,フロストケイブ
93,チャンピオンロード
93,野生のポケモンを捕まえる
93,進化・タマゴで入手
93,過去作からポケバンクで移動
94,進化・タマゴで入手
94,過去作からポケバンクで移動
95,輝きの洞窟
95,輝きの洞窟(岩砕き)
95,フレンドサファリ(いわ)(2枠目)
95,野生のポケモンを捕まえる
95,進化・タマゴで入手
95,過去作からポケバンクで移動
96,フレンドサファリ(エスパー)(1枠目)
96,進化・タマゴで入手
96,過去作からポケバンクで移動
97,進化・タマゴで入手
97,過去作からポケバンクで移動
98,フレンドサファリ(みず)(1枠目)
98,進化・タマゴで入手
98,過去作からポケバンクで移動
99,進化・タマゴで入手
99,過去作からポケバンクで移動
100,進化・タマゴで入手
100,過去作からポケバンクで移動
101,荒れ果てホテル
101,フレンドサファリ(でんき)(1枠目)
101,野生のポケモンを捕まえる
101,進化・タマゴで入手
101,過去作からポケバンクで移動
102,12番道路
102,アズール湾
102,アズール湾(群れ)
102,野生のポケモンを捕まえる
102,進化・タマゴで入手
102,過去作からポケバンクで移動
103,進化・タマゴで入手
103,過去作からポケバンクで移動
104,輝きの洞窟
104,野生のポケモンを捕まえる
104,進化・タマゴで入手
104,過去作からポケバンクで移動
105,フレンドサファリ(じめん)(2枠目)
105,進化・タマゴで入手
105,過去作からポケバンクで移動
106,進化・タマゴで入手
106,過去作からポケバンクで移動
107,進化・タマゴで入手
107,過去作からポケバンクで移動
108,チャンピオンロード
108,チャンピオンロード(群れ)
108,野生のポケモンを捕まえる
108,進化・タマゴで入手
108,過去作からポケバンクで移動
109,進化・タマゴで入手
109,過去作からポケバンクで移動
110,進化・タマゴで入手
110,過去作からポケバンクで移動
111,輝きの洞窟
111,野生のポケモンを捕まえる
111,進化・タマゴで入手
111,過去作からポケバンクで移動
112,フレンドサファリ(いわ)(3枠目)
112,進化・タマゴで入手
112,過去作からポケバンクで移動
113,フレンドサファリ(ノーマル)(3枠目)
113,進化・タマゴで入手
113,過去作からポケバンクで移動
114,フレンドサファリ(くさ)(1枠目)
114,進化・タマゴで入手
114,過去作からポケバンクで移動
115,輝きの洞窟
115,野生のポケモンを捕まえる
115,過去作からポケバンクで移動
116,コウジンタウン(いい釣り)
116,ショウヨウシティ(いい釣り)
116,野生のポケモンを捕まえる
116,進化・タマゴで入手
116,過去作からポケバンクで移動
117,コウジンタウン(すごい釣り)
117,ショウヨウシティ(すごい釣り)
117,野生のポケモンを捕まえる
117,進化・タマゴで入手
117,過去作からポケバンクで移動
118,3番道路(いい釣り)
118,22番道路(いい釣り)
118,パルファム宮殿(いい釣り)
118,野生のポケモンを捕まえる
118,進化・タマゴで入手
118,過去作からポケバンクで移動
119,3番道路(すごい釣り)
119,22番道路(すごい釣り)
119,パルファム宮殿(すごい釣り)
119,野生のポケモンを捕まえる
119,進化・タマゴで入手
119,過去作からポケバンクで移動
120,8番道路(いい釣り)(Xのみ)
120,野生のポケモンを捕まえる
120,進化・タマゴで入手
120,過去作からポケバンクで移動
121,8番道路(すごい釣り)(Xのみ)
121,野生のポケモンを捕まえる
121,進化・タマゴで入手
121,過去作からポケバンクで移動
122,映し身の洞窟
122,野生のポケモンを捕まえる
122,進化・タマゴで入手
122,過去作からポケバンクで移動
123,21番道路
123,21番道路(群れ)
123,野生のポケモンを捕まえる
123,進化・タマゴで入手
123,過去作からポケバンクで移動
124,フロストケイブ
124,野生のポケモンを捕まえる
124,進化・タマゴで入手
124,過去作からポケバンクで移動
125,フレンドサファリ(でんき)(2枠目)
125,進化・タマゴで入手
125,過去作からポケバンクで移動
126,フレンドサファリ(ほのお)(1枠目)
126,進化・タマゴで入手
126,過去作からポケバンクで移動
127,12番道路(Xのみ)
127,フレンドサファリ(むし)(3枠目)
127,野生のポケモンを捕まえる
127,過去作からポケバンクで移動
128,12番道路
128,12番道路(群れ)
128,野生のポケモンを捕まえる
128,過去作からポケバンクで移動
129,3番道路(ボロ釣り)
129,22番道路(ボロ釣り)
129,パルファム宮殿(ボロ釣り)
129,ホテルでギャラドスと交換で入手
129,野生のポケモンを捕まえる
129,進化・タマゴで入手
129,過去作からポケバンクで移動
130,3番道路(すごい釣り)
130,22番道路(すごい釣り)
130,パルファム宮殿(すごい釣り)
130,フレンドサファリ(みず)(2枠目)
130,野生のポケモンを捕まえる
130,進化・タマゴで入手
130,過去作からポケバンクで移動
131,12番道路(水上)
131,アズール湾(水上)
131,12番道路で男性からもらう
131,フレンドサファリ(こおり)(3枠目)
131,野生のポケモンを捕まえる
131,過去作からポケバンクで移動
132,ポケモンの村
132,フレンドサファリ(ノーマル)(3枠目)
132,野生のポケモンを捕まえる
132,過去作からポケバンクで移動
133,シャワーズシャワーズ
133,10番道路
133,ホテルで交換で入手
133,フレンドサファリ(ノーマル)(3枠目)
133,野生のポケモンを捕まえる
133,進化・タマゴで入手
133,過去作からポケバンクで移動
134,シャワーズシャワーズ
134,進化・タマゴで入手
134,過去作からポケバンクで移動
135,シャワーズシャワーズ
135,進化・タマゴで入手
135,過去作からポケバンクで移動
136,シャワーズシャワーズ
136,進化・タマゴで入手
136,過去作からポケバンクで移動
137,進化・タマゴで入手
137,過去作からポケバンクで移動
138,『かいのカセキ』から復元
138,進化・タマゴで入手
138,過去作からポケバンクで移動
139,進化・タマゴで入手
139,過去作からポケバンクで移動
140,『こうらのカセキ』から復元
140,進化・タマゴで入手
140,過去作からポケバンクで移動
141,進化・タマゴで入手
141,過去作からポケバンクで移動
142,『ひみつのコハク』から復元
142,過去作からポケバンクで移動
143,7番道路(シンボル)
143,進化・タマゴで入手
143,過去作からポケバンクで移動
144,ハリマロンを選んだ場合クリア後に各地を移動
144,過去作からポケバンクで移動
145,フォッコを選んだ場合クリア後に各地を移動
145,過去作からポケバンクで移動
146,ケロマツを選んだ場合クリア後に各地を移動
146,過去作からポケバンクで移動
147,21番道路(いい釣り)
147,野生のポケモンを捕まえる
147,進化・タマゴで入手
147,過去作からポケバンクで移動
148,21番道路(すごい釣り)
148,フレンドサファリ(ドラゴン)(2枠目)
148,野生のポケモンを捕まえる
148,進化・タマゴで入手
148,過去作からポケバンクで移動
149,進化・タマゴで入手
149,過去作からポケバンクで移動
150,クリア後、ななしの洞窟(シンボル)
150,過去作からポケバンクで移動
151,過去作からポケバンクで移動
152,進化・タマゴで入手
152,過去作からポケバンクで移動
153,進化・タマゴで入手
153,過去作からポケバンクで移動
154,進化・タマゴで入手
154,過去作からポケバンクで移動
155,進化・タマゴで入手
155,過去作からポケバンクで移動
156,進化・タマゴで入手
156,過去作からポケバンクで移動
157,進化・タマゴで入手
157,過去作からポケバンクで移動
158,進化・タマゴで入手
158,過去作からポケバンクで移動
159,進化・タマゴで入手
159,過去作からポケバンクで移動
160,進化・タマゴで入手
160,過去作からポケバンクで移動
161,6番道路
161,野生のポケモンを捕まえる
161,進化・タマゴで入手
161,過去作からポケバンクで移動
162,進化・タマゴで入手
162,過去作からポケバンクで移動
163,フレンドサファリ(ひこう)(2枠目)
163,進化・タマゴで入手
163,過去作からポケバンクで移動
164,20番道路
164,ポケモンの村
164,野生のポケモンを捕まえる
164,進化・タマゴで入手
164,過去作からポケバンクで移動
165,4番道路
165,フレンドサファリ(むし)(1枠目)
165,野生のポケモンを捕まえる
165,進化・タマゴで入手
165,過去作からポケバンクで移動
166,進化・タマゴで入手
166,過去作からポケバンクで移動
167,進化・タマゴで入手
167,過去作からポケバンクで移動
168,終の洞窟(飛び出し)
168,チャンピオンロード(飛び出し)
168,フレンドサファリ(どく)(2枠目)
168,野生のポケモンを捕まえる
168,進化・タマゴで入手
168,過去作からポケバンクで移動
169,進化・タマゴで入手
169,過去作からポケバンクで移動
170,シャラシティ(いい釣り)
170,アズール湾(いい釣り)
170,野生のポケモンを捕まえる
170,進化・タマゴで入手
170,過去作からポケバンクで移動
171,シャラシティ(すごい釣り)
171,アズール湾(すごい釣り)
171,野生のポケモンを捕まえる
171,進化・タマゴで入手
171,過去作からポケバンクで移動
172,進化・タマゴで入手
172,過去作からポケバンクで移動
173,進化・タマゴで入手
173,過去作からポケバンクで移動
174,進化・タマゴで入手
174,過去作からポケバンクで移動
175,フレンドサファリ(フェアリー)(1枠目)
175,進化・タマゴで入手
175,過去作からポケバンクで移動
176,進化・タマゴで入手
176,過去作からポケバンクで移動
177,進化・タマゴで入手
177,過去作からポケバンクで移動
178,フレンドサファリ(エスパー)(3枠目)
178,進化・タマゴで入手
178,過去作からポケバンクで移動
179,12番道路(群れ)
179,野生のポケモンを捕まえる
179,進化・タマゴで入手
179,過去作からポケバンクで移動
180,進化・タマゴで入手
180,過去作からポケバンクで移動
181,進化・タマゴで入手
181,過去作からポケバンクで移動
182,進化・タマゴで入手
182,過去作からポケバンクで移動
183,3番道路(水上)
183,野生のポケモンを捕まえる
183,進化・タマゴで入手
183,過去作からポケバンクで移動
184,22番道路(水上)
184,フレンドサファリ(みず)(3枠目)
184,野生のポケモンを捕まえる
184,進化・タマゴで入手
184,過去作からポケバンクで移動
185,20番道路(群れ)
185,野生のポケモンを捕まえる
185,進化・タマゴで入手
185,過去作からポケバンクで移動
186,19番道路(すごい釣り)
186,野生のポケモンを捕まえる
186,進化・タマゴで入手
186,過去作からポケバンクで移動
187,7番道路(群れ)
187,野生のポケモンを捕まえる
187,進化・タマゴで入手
187,過去作からポケバンクで移動
188,進化・タマゴで入手
188,過去作からポケバンクで移動
189,進化・タマゴで入手
189,過去作からポケバンクで移動
190,フレンドサファリ(ノーマル)(1枠目)
190,進化・タマゴで入手
190,過去作からポケバンクで移動
191,フレンドサファリ(くさ)(1枠目)
191,進化・タマゴで入手
191,過去作からポケバンクで移動
192,進化・タマゴで入手
192,過去作からポケバンクで移動
193,10番道路(群れ)
193,野生のポケモンを捕まえる
193,進化・タマゴで入手
193,過去作からポケバンクで移動
194,フレンドサファリ(じめん)(1枠目)
194,進化・タマゴで入手
194,過去作からポケバンクで移動
195,14番道路
195,14番道路(沼)
195,14番道路(水上)
195,19番道路
195,19番道路(沼)
195,19番道路(水上)
195,フレンドサファリ(みず)(2枠目)
195,野生のポケモンを捕まえる
195,進化・タマゴで入手
195,過去作からポケバンクで移動
196,シャワーズシャワーズ
196,進化・タマゴで入手
196,過去作からポケバンクで移動
197,シャワーズシャワーズ
197,進化・タマゴで入手
197,過去作からポケバンクで移動
198,15番道路(群れ)
198,16番道路(群れ)
198,野生のポケモンを捕まえる
198,進化・タマゴで入手
198,過去作からポケバンクで移動
199,進化・タマゴで入手
199,過去作からポケバンクで移動
200,進化・タマゴで入手
200,過去作からポケバンクで移動
201,過去作からポケバンクで移動
202,映し身の洞窟
202,フレンドサファリ(エスパー)(2枠目)
202,野生のポケモンを捕まえる
202,進化・タマゴで入手
202,過去作からポケバンクで移動
203,フレンドサファリ(エスパー)(3枠目)
203,過去作からポケバンクで移動
204,進化・タマゴで入手
204,過去作からポケバンクで移動
205,フレンドサファリ(はがね)(2枠目)
205,進化・タマゴで入手
205,過去作からポケバンクで移動
206,3番道路
206,22番道路
206,フレンドサファリ(ノーマル)(1枠目)
206,野生のポケモンを捕まえる
206,過去作からポケバンクで移動
207,19番道路(群れ)
207,野生のポケモンを捕まえる
207,進化・タマゴで入手
207,過去作からポケバンクで移動
208,ショウヨウシティでラブカスと交換で入手
208,進化・タマゴで入手
208,過去作からポケバンクで移動
209,10番道路
209,フレンドサファリ(フェアリー)(1枠目)
209,野生のポケモンを捕まえる
209,進化・タマゴで入手
209,過去作からポケバンクで移動
210,進化・タマゴで入手
210,過去作からポケバンクで移動
211,8番道路(すごい釣り)
211,野生のポケモンを捕まえる
211,過去作からポケバンクで移動
212,進化・タマゴで入手
212,過去作からポケバンクで移動
213,18番道路(岩砕き)
213,終の洞窟(岩砕き)
213,チャンピオンロード(岩砕き)
213,フレンドサファリ(いわ)(3枠目)
213,野生のポケモンを捕まえる
213,過去作からポケバンクで移動
214,12番道路(Yのみ)
214,フレンドサファリ(むし)(3枠目)
214,野生のポケモンを捕まえる
214,過去作からポケバンクで移動
215,17番道路
215,フレンドサファリ(こおり)(2枠目)
215,野生のポケモンを捕まえる
215,進化・タマゴで入手
215,過去作からポケバンクで移動
216,フレンドサファリ(ノーマル)(1枠目)
216,進化・タマゴで入手
216,過去作からポケバンクで移動
217,21番道路
217,野生のポケモンを捕まえる
217,進化・タマゴで入手
217,過去作からポケバンクで移動
218,13番道路(岩砕き)
218,フレンドサファリ(ほのお)(2枠目)
218,野生のポケモンを捕まえる
218,進化・タマゴで入手
218,過去作からポケバンクで移動
219,フレンドサファリ(いわ)(2枠目)
219,進化・タマゴで入手
219,過去作からポケバンクで移動
220,進化・タマゴで入手
220,過去作からポケバンクで移動
221,フロストケイブ
221,フレンドサファリ(こおり)(3枠目)
221,野生のポケモンを捕まえる
221,進化・タマゴで入手
221,過去作からポケバンクで移動
222,12番道路(すごい釣り)
222,フレンドサファリ(いわ)(2枠目)
222,野生のポケモンを捕まえる
222,過去作からポケバンクで移動
223,12番道路(いい釣り)
223,シャラシティ(いい釣り)
223,アズール湾(いい釣り)
223,野生のポケモンを捕まえる
223,進化・タマゴで入手
223,過去作からポケバンクで移動
224,12番道路(すごい釣り)
224,シャラシティ(すごい釣り)
224,アズール湾(すごい釣り)
224,フレンドサファリ(みず)(1枠目)
224,野生のポケモンを捕まえる
224,進化・タマゴで入手
224,過去作からポケバンクで移動
225,17番道路
225,フレンドサファリ(こおり)(1枠目)
225,野生のポケモンを捕まえる
225,過去作からポケバンクで移動
226,進化・タマゴで入手
226,過去作からポケバンクで移動
227,チャンピオンロード(外・飛び出し)
227,フレンドサファリ(はがね)(2枠目)
227,野生のポケモンを捕まえる
227,過去作からポケバンクで移動
228,10番道路(Xのみ)
228,10番道路(群れ)(Xのみ)
228,野生のポケモンを捕まえる
228,進化・タマゴで入手
228,過去作からポケバンクで移動
229,進化・タマゴで入手
229,過去作からポケバンクで移動
230,進化・タマゴで入手
230,過去作からポケバンクで移動
231,フレンドサファリ(じめん)(1枠目)
231,進化・タマゴで入手
231,過去作からポケバンクで移動
232,進化・タマゴで入手
232,過去作からポケバンクで移動
233,進化・タマゴで入手
233,過去作からポケバンクで移動
234,過去作からポケバンクで移動
235,7番道路
235,フレンドサファリ(ノーマル)(3枠目)
235,野生のポケモンを捕まえる
235,過去作からポケバンクで移動
236,フレンドサファリ(かくとう)(3枠目)
236,進化・タマゴで入手
236,過去作からポケバンクで移動
237,進化・タマゴで入手
237,過去作からポケバンクで移動
238,フロストケイブ(群れ)
238,野生のポケモンを捕まえる
238,進化・タマゴで入手
238,過去作からポケバンクで移動
239,進化・タマゴで入手
239,過去作からポケバンクで移動
240,進化・タマゴで入手
240,過去作からポケバンクで移動
241,12番道路
241,12番道路(群れ)
241,野生のポケモンを捕まえる
241,過去作からポケバンクで移動
242,進化・タマゴで入手
242,過去作からポケバンクで移動
243,過去作からポケバンクで移動
244,過去作からポケバンクで移動
245,過去作からポケバンクで移動
246,終の洞窟(群れ)(Yのみ)
246,野生のポケモンを捕まえる
246,進化・タマゴで入手
246,過去作からポケバンクで移動
247,18番道路(Yのみ)
247,終の洞窟(Yのみ)
247,フレンドサファリ(いわ)(2枠目)
247,野生のポケモンを捕まえる
247,進化・タマゴで入手
247,過去作からポケバンクで移動
248,進化・タマゴで入手
248,過去作からポケバンクで移動
249,過去作からポケバンクで移動
250,過去作からポケバンクで移動
251,2014年9月30日までにポケモンバンクを利用するともらえる(イベント配布)
251,過去作からポケバンクで移動
252,進化・タマゴで入手
252,過去作からポケバンクで移動
253,進化・タマゴで入手
253,過去作からポケバンクで移動
254,進化・タマゴで入手
254,過去作からポケバンクで移動
255,進化・タマゴで入手
255,過去作からポケバンクで移動
256,進化・タマゴで入手
256,過去作からポケバンクで移動
257,進化・タマゴで入手
257,過去作からポケバンクで移動
258,進化・タマゴで入手
258,過去作からポケバンクで移動
259,進化・タマゴで入手
259,過去作からポケバンクで移動
260,進化・タマゴで入手
260,過去作からポケバンクで移動
261,進化・タマゴで入手
261,過去作からポケバンクで移動
262,15番道路(Xのみ)
262,フレンドサファリ(あく)(1枠目)
262,野生のポケモンを捕まえる
262,進化・タマゴで入手
262,過去作からポケバンクで移動
263,2番道路
263,野生のポケモンを捕まえる
263,進化・タマゴで入手
263,過去作からポケバンクで移動
264,進化・タマゴで入手
264,過去作からポケバンクで移動
265,進化・タマゴで入手
265,過去作からポケバンクで移動
266,進化・タマゴで入手
266,過去作からポケバンクで移動
267,フレンドサファリ(むし)(2枠目)
267,進化・タマゴで入手
267,過去作からポケバンクで移動
268,フレンドサファリ(どく)(1枠目)
268,進化・タマゴで入手
268,過去作からポケバンクで移動
269,進化・タマゴで入手
269,過去作からポケバンクで移動
270,進化・タマゴで入手
270,過去作からポケバンクで移動
271,15番道路(水上)
271,16番道路(水上)
271,21番道路(水上)
271,レンリタウン(水上)
271,ポケモンの村(群れ)
271,ポケモンの村(水上)
271,野生のポケモンを捕まえる
271,進化・タマゴで入手
271,過去作からポケバンクで移動
272,進化・タマゴで入手
272,過去作からポケバンクで移動
273,進化・タマゴで入手
273,過去作からポケバンクで移動
274,フレンドサファリ(あく)(1枠目)
274,進化・タマゴで入手
274,過去作からポケバンクで移動
275,進化・タマゴで入手
275,過去作からポケバンクで移動
276,8番道路(群れ)
276,野生のポケモンを捕まえる
276,進化・タマゴで入手
276,過去作からポケバンクで移動
277,進化・タマゴで入手
277,過去作からポケバンクで移動
278,8番道路(群れ)
278,12番道路(群れ)
278,アズール湾(群れ)
278,野生のポケモンを捕まえる
278,進化・タマゴで入手
278,過去作からポケバンクで移動
279,進化・タマゴで入手
279,過去作からポケバンクで移動
280,4番道路
280,クリア後、ミアレシティでカルネから交換でもらう
280,野生のポケモンを捕まえる
280,進化・タマゴで入手
280,過去作からポケバンクで移動
281,フレンドサファリ(フェアリー)(1枠目)
281,進化・タマゴで入手
281,過去作からポケバンクで移動
282,進化・タマゴで入手
282,過去作からポケバンクで移動
283,進化・タマゴで入手
283,過去作からポケバンクで移動
284,3番道路(水上)
284,フレンドサファリ(むし)(2枠目)
284,野生のポケモンを捕まえる
284,進化・タマゴで入手
284,過去作からポケバンクで移動
285,進化・タマゴで入手
285,過去作からポケバンクで移動
286,フレンドサファリ(かくとう)(3枠目)
286,進化・タマゴで入手
286,過去作からポケバンクで移動
287,進化・タマゴで入手
287,過去作からポケバンクで移動
288,進化・タマゴで入手
288,過去作からポケバンクで移動
289,進化・タマゴで入手
289,過去作からポケバンクで移動
290,6番道路
290,フレンドサファリ(じめん)(2枠目)
290,野生のポケモンを捕まえる
290,進化・タマゴで入手
290,過去作からポケバンクで移動
291,進化・タマゴで入手
291,過去作からポケバンクで移動
292,進化・タマゴで入手
292,過去作からポケバンクで移動
293,地つなぎの洞穴
293,地つなぎの洞穴(群れ)
293,野生のポケモンを捕まえる
293,進化・タマゴで入手
293,過去作からポケバンクで移動
294,フレンドサファリ(ノーマル)(2枠目)
294,進化・タマゴで入手
294,過去作からポケバンクで移動
295,進化・タマゴで入手
295,過去作からポケバンクで移動
296,進化・タマゴで入手
296,過去作からポケバンクで移動
297,11番道路
297,フレンドサファリ(かくとう)(3枠目)
297,野生のポケモンを捕まえる
297,進化・タマゴで入手
297,過去作からポケバンクで移動
298,3番道路
298,22番道路
298,『マリル』に『うしおのおこう』を持たせタマゴを作る
298,野生のポケモンを捕まえる
298,進化・タマゴで入手
298,過去作からポケバンクで移動
299,10番道路(群れ)
299,フレンドサファリ(いわ)(1枠目)
299,野生のポケモンを捕まえる
299,進化・タマゴで入手
299,過去作からポケバンクで移動
300,4番道路
300,野生のポケモンを捕まえる
300,進化・タマゴで入手
300,過去作からポケバンクで移動
301,進化・タマゴで入手
301,過去作からポケバンクで移動
302,映し身の洞窟
302,フレンドサファリ(あく)(3枠目)
302,野生のポケモンを捕まえる
302,過去作からポケバンクで移動
303,輝きの洞窟
303,フレンドサファリ(はがね)(1枠目)
303,フレンドサファリ(フェアリー)(2枠目)
303,野生のポケモンを捕まえる
303,過去作からポケバンクで移動
304,終の洞窟(群れ)(Xのみ)
304,野生のポケモンを捕まえる
304,進化・タマゴで入手
304,過去作からポケバンクで移動
305,18番道路(Xのみ)
305,終の洞窟(Xのみ)
305,野生のポケモンを捕まえる
305,進化・タマゴで入手
305,過去作からポケバンクで移動
306,進化・タマゴで入手
306,過去作からポケバンクで移動
307,地つなぎの洞穴
307,フレンドサファリ(かくとう)(1枠目)
307,野生のポケモンを捕まえる
307,進化・タマゴで入手
307,過去作からポケバンクで移動
308,進化・タマゴで入手
308,過去作からポケバンクで移動
309,10番道路(Yのみ)
309,10番道路(群れ)(Yのみ)
309,野生のポケモンを捕まえる
309,進化・タマゴで入手
309,過去作からポケバンクで移動
310,フレンドサファリ(でんき)(3枠目)
310,進化・タマゴで入手
310,過去作からポケバンクで移動
311,5番道路(Xのみ)
311,5番道路(群れ)
311,野生のポケモンを捕まえる
311,過去作からポケバンクで移動
312,5番道路(Yのみ)
312,5番道路(群れ)
312,野生のポケモンを捕まえる
312,過去作からポケバンクで移動
313,7番道路
313,フレンドサファリ(むし)(2枠目)
313,野生のポケモンを捕まえる
313,過去作からポケバンクで移動
314,7番道路
314,フレンドサファリ(むし)(2枠目)
314,野生のポケモンを捕まえる
314,過去作からポケバンクで移動
315,7番道路
315,7番道路(群れ)
315,野生のポケモンを捕まえる
315,進化・タマゴで入手
315,過去作からポケバンクで移動
316,5番道路
316,5番道路(群れ)
316,野生のポケモンを捕まえる
316,進化・タマゴで入手
316,過去作からポケバンクで移動
317,フレンドサファリ(どく)(2枠目)
317,進化・タマゴで入手
317,過去作からポケバンクで移動
318,22番道路(いい釣り)
318,野生のポケモンを捕まえる
318,進化・タマゴで入手
318,過去作からポケバンクで移動
319,22番道路(すごい釣り)
319,野生のポケモンを捕まえる
319,進化・タマゴで入手
319,過去作からポケバンクで移動
320,8番道路(水上)
320,コウジンタウン(水上)
320,ショウヨウシティ(水上)
320,野生のポケモンを捕まえる
320,進化・タマゴで入手
320,過去作からポケバンクで移動
321,進化・タマゴで入手
321,過去作からポケバンクで移動
322,進化・タマゴで入手
322,過去作からポケバンクで移動
323,フレンドサファリ(じめん)(2枠目)
323,進化・タマゴで入手
323,過去作からポケバンクで移動
324,18番道路
324,野生のポケモンを捕まえる
324,過去作からポケバンクで移動
325,8番道路
325,野生のポケモンを捕まえる
325,進化・タマゴで入手
325,過去作からポケバンクで移動
326,フレンドサファリ(エスパー)(1枠目)
326,進化・タマゴで入手
326,過去作からポケバンクで移動
327,21番道路
327,21番道路(群れ)
327,野生のポケモンを捕まえる
327,過去作からポケバンクで移動
328,13番道路(飛び出し)
328,フレンドサファリ(じめん)(1枠目)
328,野生のポケモンを捕まえる
328,進化・タマゴで入手
328,過去作からポケバンクで移動
329,進化・タマゴで入手
329,過去作からポケバンクで移動
330,進化・タマゴで入手
330,過去作からポケバンクで移動
331,進化・タマゴで入手
331,過去作からポケバンクで移動
332,フレンドサファリ(あく)(2枠目)
332,進化・タマゴで入手
332,過去作からポケバンクで移動
333,21番道路(群れ)
333,野生のポケモンを捕まえる
333,進化・タマゴで入手
333,過去作からポケバンクで移動
334,21番道路
334,野生のポケモンを捕まえる
334,進化・タマゴで入手
334,過去作からポケバンクで移動
335,8番道路(Xのみ)
335,8番道路(群れ)
335,野生のポケモンを捕まえる
335,過去作からポケバンクで移動
336,8番道路(Yのみ)
336,8番道路(群れ)
336,フレンドサファリ(どく)(1枠目)
336,野生のポケモンを捕まえる
336,過去作からポケバンクで移動
337,輝きの洞窟
337,野生のポケモンを捕まえる
337,過去作からポケバンクで移動
338,輝きの洞窟
338,野生のポケモンを捕まえる
338,過去作からポケバンクで移動
339,14番道路(いい釣り)
339,19番道路(いい釣り)
339,野生のポケモンを捕まえる
339,進化・タマゴで入手
339,過去作からポケバンクで移動
340,14番道路(すごい釣り)
340,19番道路(すごい釣り)
340,野生のポケモンを捕まえる
340,進化・タマゴで入手
340,過去作からポケバンクで移動
341,3番道路(いい釣り)
341,パルファム宮殿(いい釣り)
341,野生のポケモンを捕まえる
341,進化・タマゴで入手
341,過去作からポケバンクで移動
342,3番道路(すごい釣り)
342,パルファム宮殿(すごい釣り)
342,フレンドサファリ(あく)(2枠目)
342,野生のポケモンを捕まえる
342,進化・タマゴで入手
342,過去作からポケバンクで移動
343,進化・タマゴで入手
343,過去作からポケバンクで移動
344,進化・タマゴで入手
344,過去作からポケバンクで移動
345,『ねっこのカセキ』から復元
345,進化・タマゴで入手
345,過去作からポケバンクで移動
346,進化・タマゴで入手
346,過去作からポケバンクで移動
347,『ツメのカセキ』から復元
347,進化・タマゴで入手
347,過去作からポケバンクで移動
348,進化・タマゴで入手
348,過去作からポケバンクで移動
349,進化・タマゴで入手
349,過去作からポケバンクで移動
350,進化・タマゴで入手
350,過去作からポケバンクで移動
351,過去作からポケバンクで移動
352,6番道路
352,フレンドサファリ(ノーマル)(2枠目)
352,野生のポケモンを捕まえる
352,過去作からポケバンクで移動
353,フレンドサファリ(ゴースト)(1枠目)
353,進化・タマゴで入手
353,過去作からポケバンクで移動
354,ポケモンの村(木曜ゴミ箱)
354,野生のポケモンを捕まえる
354,進化・タマゴで入手
354,過去作からポケバンクで移動
355,進化・タマゴで入手
355,過去作からポケバンクで移動
356,フレンドサファリ(ゴースト)(3枠目)
356,進化・タマゴで入手
356,過去作からポケバンクで移動
357,フレンドサファリ(ひこう)(3枠目)
357,過去作からポケバンクで移動
358,進化・タマゴで入手
358,過去作からポケバンクで移動
359,8番道路
359,フレンドサファリ(あく)(3枠目)
359,野生のポケモンを捕まえる
359,過去作からポケバンクで移動
360,『ソーナンス』に『のんきのおこう』を持たせタマゴを作る
360,進化・タマゴで入手
360,過去作からポケバンクで移動
361,フレンドサファリ(こおり)(1枠目)
361,進化・タマゴで入手
361,過去作からポケバンクで移動
362,進化・タマゴで入手
362,過去作からポケバンクで移動
363,フレンドサファリ(こおり)(1枠目)
363,進化・タマゴで入手
363,過去作からポケバンクで移動
364,進化・タマゴで入手
364,過去作からポケバンクで移動
365,進化・タマゴで入手
365,過去作からポケバンクで移動
366,12番道路(いい釣り)
366,野生のポケモンを捕まえる
366,進化・タマゴで入手
366,過去作からポケバンクで移動
367,12番道路(すごい釣り)(Xのみ)
367,野生のポケモンを捕まえる
367,進化・タマゴで入手
367,過去作からポケバンクで移動
368,12番道路(すごい釣り)(Yのみ)
368,野生のポケモンを捕まえる
368,進化・タマゴで入手
368,過去作からポケバンクで移動
369,コウジンタウン(すごい釣り)
369,ショウヨウシティ(すごい釣り)
369,野生のポケモンを捕まえる
369,過去作からポケバンクで移動
370,8番道路(ボロ釣り)
370,12番道路(ボロ釣り)
370,コウジンタウン(ボロ釣り)
370,ショウヨウシティ(ボロ釣り)
370,シャラシティ(ボロ釣り)
370,アズール湾(ボロ釣り)
370,野生のポケモンを捕まえる
370,過去作からポケバンクで移動
371,8番道路
371,野生のポケモンを捕まえる
371,進化・タマゴで入手
371,過去作からポケバンクで移動
372,フレンドサファリ(ドラゴン)(2枠目)
372,進化・タマゴで入手
372,過去作からポケバンクで移動
373,進化・タマゴで入手
373,過去作からポケバンクで移動
374,進化・タマゴで入手
374,過去作からポケバンクで移動
375,フレンドサファリ(はがね)(2枠目)
375,進化・タマゴで入手
375,過去作からポケバンクで移動
376,進化・タマゴで入手
376,過去作からポケバンクで移動
377,過去作からポケバンクで移動
378,過去作からポケバンクで移動
379,過去作からポケバンクで移動
380,過去作からポケバンクで移動
381,過去作からポケバンクで移動
382,過去作からポケバンクで移動
383,過去作からポケバンクで移動
384,過去作からポケバンクで移動
385,過去作からポケバンクで移動
386,過去作からポケバンクで移動
387,進化・タマゴで入手
387,過去作からポケバンクで移動
388,進化・タマゴで入手
388,過去作からポケバンクで移動
389,進化・タマゴで入手
389,過去作からポケバンクで移動
390,進化・タマゴで入手
390,過去作からポケバンクで移動
391,進化・タマゴで入手
391,過去作からポケバンクで移動
392,進化・タマゴで入手
392,過去作からポケバンクで移動
393,進化・タマゴで入手
393,過去作からポケバンクで移動
394,進化・タマゴで入手
394,過去作からポケバンクで移動
395,進化・タマゴで入手
395,過去作からポケバンクで移動
396,11番道路(群れ)
396,野生のポケモンを捕まえる
396,進化・タマゴで入手
396,過去作からポケバンクで移動
397,11番道路
397,野生のポケモンを捕まえる
397,進化・タマゴで入手
397,過去作からポケバンクで移動
398,進化・タマゴで入手
398,過去作からポケバンクで移動
399,22番道路
399,野生のポケモンを捕まえる
399,進化・タマゴで入手
399,過去作からポケバンクで移動
400,フレンドサファリ(みず)(1枠目)
400,進化・タマゴで入手
400,過去作からポケバンクで移動
401,進化・タマゴで入手
401,過去作からポケバンクで移動
402,進化・タマゴで入手
402,過去作からポケバンクで移動
403,進化・タマゴで入手
403,過去作からポケバンクで移動
404,フレンドサファリ(でんき)(3枠目)
404,進化・タマゴで入手
404,過去作からポケバンクで移動
405,進化・タマゴで入手
405,過去作からポケバンクで移動
406,4番道路
406,野生のポケモンを捕まえる
406,進化・タマゴで入手
406,過去作からポケバンクで移動
407,進化・タマゴで入手
407,過去作からポケバンクで移動
408,『ズガイのカセキ』から復元
408,進化・タマゴで入手
408,過去作からポケバンクで移動
409,進化・タマゴで入手
409,過去作からポケバンクで移動
410,『タテのカセキ』から復元
410,進化・タマゴで入手
410,過去作からポケバンクで移動
411,進化・タマゴで入手
411,過去作からポケバンクで移動
412,3番道路
412,野生のポケモンを捕まえる
412,進化・タマゴで入手
412,過去作からポケバンクで移動
413,進化・タマゴで入手
413,過去作からポケバンクで移動
414,進化・タマゴで入手
414,過去作からポケバンクで移動
415,4番道路
415,フレンドサファリ(むし)(1枠目)
415,野生のポケモンを捕まえる
415,進化・タマゴで入手
415,過去作からポケバンクで移動
416,進化・タマゴで入手
416,過去作からポケバンクで移動
417,12番道路
417,フレンドサファリ(でんき)(1枠目)
417,野生のポケモンを捕まえる
417,過去作からポケバンクで移動
418,進化・タマゴで入手
418,過去作からポケバンクで移動
419,15番道路(水上)
419,16番道路(黄色花畑)
419,16番道路(水上)
419,21番道路
419,21番道路(水上)
419,レンリタウン(水上)
419,チャンピオンロード(群れ)
419,チャンピオンロード(水上)
419,フレンドサファリ(みず)(2枠目)
419,野生のポケモンを捕まえる
419,進化・タマゴで入手
419,過去作からポケバンクで移動
420,進化・タマゴで入手
420,過去作からポケバンクで移動
421,進化・タマゴで入手
421,過去作からポケバンクで移動
422,進化・タマゴで入手
422,過去作からポケバンクで移動
423,フレンドサファリ(じめん)(3枠目)
423,進化・タマゴで入手
423,過去作からポケバンクで移動
424,進化・タマゴで入手
424,過去作からポケバンクで移動
425,8番道路
425,野生のポケモンを捕まえる
425,進化・タマゴで入手
425,過去作からポケバンクで移動
426,フレンドサファリ(ゴースト)(3枠目)
426,進化・タマゴで入手
426,過去作からポケバンクで移動
427,進化・タマゴで入手
427,過去作からポケバンクで移動
428,進化・タマゴで入手
428,過去作からポケバンクで移動
429,進化・タマゴで入手
429,過去作からポケバンクで移動
430,進化・タマゴで入手
430,過去作からポケバンクで移動
431,進化・タマゴで入手
431,過去作からポケバンクで移動
432,進化・タマゴで入手
432,過去作からポケバンクで移動
433,11番道路
433,映し身の洞窟
433,『チリーン』に『きよめのおこう』を持たせタマゴを作る
433,野生のポケモンを捕まえる
433,進化・タマゴで入手
433,過去作からポケバンクで移動
434,11番道路
434,11番道路(群れ)
434,野生のポケモンを捕まえる
434,進化・タマゴで入手
434,過去作からポケバンクで移動
435,進化・タマゴで入手
435,過去作からポケバンクで移動
436,進化・タマゴで入手
436,過去作からポケバンクで移動
437,フレンドサファリ(はがね)(3枠目)
437,進化・タマゴで入手
437,過去作からポケバンクで移動
438,『ウソッキー』に『がんせきおこう』を持たせタマゴを作る
438,進化・タマゴで入手
438,過去作からポケバンクで移動
439,映し身の洞窟(群れ)
439,『バリヤード』に『あやしいおこう』を持たせタマゴを作る
439,野生のポケモンを捕まえる
439,進化・タマゴで入手
439,過去作からポケバンクで移動
440,『ラッキー』あるいは『ハピナス』に『こううんのおこう』を持たせタマゴを作る
440,進化・タマゴで入手
440,過去作からポケバンクで移動
441,12番道路
441,アズール湾
441,野生のポケモンを捕まえる
441,過去作からポケバンクで移動
442,フレンドサファリ(ゴースト)(3枠目)
442,過去作からポケバンクで移動
443,13番道路(飛び出し)
443,野生のポケモンを捕まえる
443,進化・タマゴで入手
443,過去作からポケバンクで移動
444,フレンドサファリ(ドラゴン)(1枠目)
444,進化・タマゴで入手
444,過去作からポケバンクで移動
445,進化・タマゴで入手
445,過去作からポケバンクで移動
446,『カビゴン』に『まんぷくおこう』を持たせタマゴを作る
446,進化・タマゴで入手
446,過去作からポケバンクで移動
447,22番道路
447,フレンドサファリ(かくとう)(3枠目)
447,野生のポケモンを捕まえる
447,進化・タマゴで入手
447,過去作からポケバンクで移動
448,シャラシティでコルニからもらう
448,進化・タマゴで入手
448,過去作からポケバンクで移動
449,9番道路
449,野生のポケモンを捕まえる
449,進化・タマゴで入手
449,過去作からポケバンクで移動
450,進化・タマゴで入手
450,過去作からポケバンクで移動
451,14番道路
451,14番道路(群れ)
451,15番道路
451,16番道路(黄色花畑)
451,野生のポケモンを捕まえる
451,進化・タマゴで入手
451,過去作からポケバンクで移動
452,19番道路(花畑)
452,フレンドサファリ(どく)(3枠目)
452,野生のポケモンを捕まえる
452,進化・タマゴで入手
452,過去作からポケバンクで移動
453,7番道路
453,野生のポケモンを捕まえる
453,進化・タマゴで入手
453,過去作からポケバンクで移動
454,フレンドサファリ(どく)(3枠目)
454,進化・タマゴで入手
454,過去作からポケバンクで移動
455,14番道路
455,14番道路(沼)
455,19番道路
455,19番道路(沼)
455,野生のポケモンを捕まえる
455,過去作からポケバンクで移動
456,進化・タマゴで入手
456,過去作からポケバンクで移動
457,進化・タマゴで入手
457,過去作からポケバンクで移動
458,12番道路(水上)
458,シャラシティ(水上)
458,アズール湾(水上)
458,『マンタイン』に『さざなみのおこう』を持たせタマゴを作る
458,野生のポケモンを捕まえる
458,進化・タマゴで入手
458,過去作からポケバンクで移動
459,17番道路
459,フレンドサファリ(こおり)(1枠目)
459,野生のポケモンを捕まえる
459,進化・タマゴで入手
459,過去作からポケバンクで移動
460,17番道路
460,野生のポケモンを捕まえる
460,進化・タマゴで入手
460,過去作からポケバンクで移動
461,進化・タマゴで入手
461,過去作からポケバンクで移動
462,進化・タマゴで入手
462,過去作からポケバンクで移動
463,進化・タマゴで入手
463,過去作からポケバンクで移動
464,進化・タマゴで入手
464,過去作からポケバンクで移動
465,進化・タマゴで入手
465,過去作からポケバンクで移動
466,進化・タマゴで入手
466,過去作からポケバンクで移動
467,進化・タマゴで入手
467,過去作からポケバンクで移動
468,進化・タマゴで入手
468,過去作からポケバンクで移動
469,進化・タマゴで入手
469,過去作からポケバンクで移動
470,シャワーズシャワーズ
470,進化・タマゴで入手
470,過去作からポケバンクで移動
471,シャワーズシャワーズ
471,進化・タマゴで入手
471,過去作からポケバンクで移動
472,進化・タマゴで入手
472,過去作からポケバンクで移動
473,進化・タマゴで入手
473,過去作からポケバンクで移動
474,進化・タマゴで入手
474,過去作からポケバンクで移動
475,進化・タマゴで入手
475,過去作からポケバンクで移動
476,進化・タマゴで入手
476,過去作からポケバンクで移動
477,進化・タマゴで入手
477,過去作からポケバンクで移動
478,進化・タマゴで入手
478,過去作からポケバンクで移動
479,荒れ果てホテル(火曜ゴミ箱)
479,野生のポケモンを捕まえる
479,過去作からポケバンクで移動
480,過去作からポケバンクで移動
481,過去作からポケバンクで移動
482,過去作からポケバンクで移動
483,過去作からポケバンクで移動
484,過去作からポケバンクで移動
485,過去作からポケバンクで移動
486,過去作からポケバンクで移動
487,過去作からポケバンクで移動
488,過去作からポケバンクで移動
489,『マナフィ』でタマゴを作る
489,過去作からポケバンクで移動
490,過去作からポケバンクで移動
491,過去作からポケバンクで移動
492,過去作からポケバンクで移動
493,過去作からポケバンクで移動
494,過去作からポケバンクで移動
495,進化・タマゴで入手
495,過去作からポケバンクで移動
496,進化・タマゴで入手
496,過去作からポケバンクで移動
497,進化・タマゴで入手
497,過去作からポケバンクで移動
498,進化・タマゴで入手
498,過去作からポケバンクで移動
499,進化・タマゴで入手
499,過去作からポケバンクで移動
500,進化・タマゴで入手
500,過去作からポケバンクで移動
501,進化・タマゴで入手
501,過去作からポケバンクで移動
502,進化・タマゴで入手
502,過去作からポケバンクで移動
503,進化・タマゴで入手
503,過去作からポケバンクで移動
504,進化・タマゴで入手
504,過去作からポケバンクで移動
505,15番道路
505,野生のポケモンを捕まえる
505,進化・タマゴで入手
505,過去作からポケバンクで移動
506,フレンドサファリ(ノーマル)(1枠目)
506,進化・タマゴで入手
506,過去作からポケバンクで移動
507,進化・タマゴで入手
507,過去作からポケバンクで移動
508,進化・タマゴで入手
508,過去作からポケバンクで移動
509,進化・タマゴで入手
509,過去作からポケバンクで移動
510,15番道路(Yのみ)
510,フレンドサファリ(あく)(3枠目)
510,野生のポケモンを捕まえる
510,進化・タマゴで入手
510,過去作からポケバンクで移動
511,ハクダンの森
511,フレンドサファリ(くさ)(1枠目)
511,野生のポケモンを捕まえる
511,進化・タマゴで入手
511,過去作からポケバンクで移動
512,進化・タマゴで入手
512,過去作からポケバンクで移動
513,ハクダンの森
513,フレンドサファリ(ほのお)(1枠目)
513,野生のポケモンを捕まえる
513,進化・タマゴで入手
513,過去作からポケバンクで移動
514,進化・タマゴで入手
514,過去作からポケバンクで移動
515,ハクダンの森
515,フレンドサファリ(みず)(1枠目)
515,野生のポケモンを捕まえる
515,進化・タマゴで入手
515,過去作からポケバンクで移動
516,進化・タマゴで入手
516,過去作からポケバンクで移動
517,フレンドサファリ(エスパー)(1枠目)
517,進化・タマゴで入手
517,過去作からポケバンクで移動
518,進化・タマゴで入手
518,過去作からポケバンクで移動
519,進化・タマゴで入手
519,過去作からポケバンクで移動
520,フレンドサファリ(ひこう)(2枠目)
520,進化・タマゴで入手
520,過去作からポケバンクで移動
521,進化・タマゴで入手
521,過去作からポケバンクで移動
522,進化・タマゴで入手
522,過去作からポケバンクで移動
523,フレンドサファリ(でんき)(3枠目)
523,進化・タマゴで入手
523,過去作からポケバンクで移動
524,映し身の洞窟
524,映し身の洞窟(群れ)
524,野生のポケモンを捕まえる
524,進化・タマゴで入手
524,過去作からポケバンクで移動
525,フレンドサファリ(いわ)(1枠目)
525,進化・タマゴで入手
525,過去作からポケバンクで移動
526,進化・タマゴで入手
526,過去作からポケバンクで移動
527,輝きの洞窟(最奥)
527,映し身の洞窟(飛び出し)
527,フレンドサファリ(ひこう)(2枠目)
527,野生のポケモンを捕まえる
527,進化・タマゴで入手
527,過去作からポケバンクで移動
528,進化・タマゴで入手
528,過去作からポケバンクで移動
529,進化・タマゴで入手
529,過去作からポケバンクで移動
530,フレンドサファリ(はがね)(3枠目)
530,進化・タマゴで入手
530,過去作からポケバンクで移動
531,6番道路(飛び出し)
531,フレンドサファリ(ノーマル)(2枠目)
531,野生のポケモンを捕まえる
531,過去作からポケバンクで移動
532,進化・タマゴで入手
532,過去作からポケバンクで移動
533,18番道路
533,チャンピオンロード
533,野生のポケモンを捕まえる
533,進化・タマゴで入手
533,過去作からポケバンクで移動
534,進化・タマゴで入手
534,過去作からポケバンクで移動
535,進化・タマゴで入手
535,過去作からポケバンクで移動
536,フレンドサファリ(じめん)(3枠目)
536,進化・タマゴで入手
536,過去作からポケバンクで移動
537,進化・タマゴで入手
537,過去作からポケバンクで移動
538,11番道路(Yのみ)
538,フレンドサファリ(かくとう)(2枠目)
538,野生のポケモンを捕まえる
538,過去作からポケバンクで移動
539,11番道路(Xのみ)
539,フレンドサファリ(かくとう)(2枠目)
539,野生のポケモンを捕まえる
539,過去作からポケバンクで移動
540,進化・タマゴで入手
540,過去作からポケバンクで移動
541,フレンドサファリ(くさ)(2枠目)
541,進化・タマゴで入手
541,過去作からポケバンクで移動
542,進化・タマゴで入手
542,過去作からポケバンクで移動
543,6番道路(飛び出し)
543,野生のポケモンを捕まえる
543,進化・タマゴで入手
543,過去作からポケバンクで移動
544,フレンドサファリ(どく)(3枠目)
544,進化・タマゴで入手
544,過去作からポケバンクで移動
545,進化・タマゴで入手
545,過去作からポケバンクで移動
546,進化・タマゴで入手
546,過去作からポケバンクで移動
547,進化・タマゴで入手
547,過去作からポケバンクで移動
548,フレンドサファリ(くさ)(2枠目)
548,進化・タマゴで入手
548,過去作からポケバンクで移動
549,進化・タマゴで入手
549,過去作からポケバンクで移動
550,15番道路(いい釣り)
550,15番道路(すごい釣り)
550,16番道路(いい釣り)
550,16番道路(すごい釣り)
550,フロストケイブ(いい釣り)
550,フロストケイブ(すごい釣り)
550,レンリタウン(いい釣り)
550,レンリタウン(すごい釣り)
550,ポケモンの村(いい釣り)
550,ポケモンの村(すごい釣り)
550,チャンピオンロード(いい釣り)
550,チャンピオンロード(すごい釣り)
550,野生のポケモンを捕まえる
550,過去作からポケバンクで移動
551,9番道路
551,フレンドサファリ(あく)(2枠目)
551,野生のポケモンを捕まえる
551,進化・タマゴで入手
551,過去作からポケバンクで移動
552,進化・タマゴで入手
552,過去作からポケバンクで移動
553,進化・タマゴで入手
553,過去作からポケバンクで移動
554,進化・タマゴで入手
554,過去作からポケバンクで移動
555,進化・タマゴで入手
555,過去作からポケバンクで移動
556,フレンドサファリ(くさ)(3枠目)
556,過去作からポケバンクで移動
557,8番道路(岩砕き)
557,12番道路(岩砕き)
557,コウジンタウン(岩砕き)
557,輝きの洞窟(岩砕き)
557,ショウヨウシティ(岩砕き)
557,アズール湾(岩砕き)
557,フレンドサファリ(いわ)(1枠目)
557,野生のポケモンを捕まえる
557,進化・タマゴで入手
557,過去作からポケバンクで移動
558,進化・タマゴで入手
558,過去作からポケバンクで移動
559,5番道路(群れ)
559,野生のポケモンを捕まえる
559,進化・タマゴで入手
559,過去作からポケバンクで移動
560,進化・タマゴで入手
560,過去作からポケバンクで移動
561,10番道路
561,フレンドサファリ(エスパー)(2枠目)
561,野生のポケモンを捕まえる
561,過去作からポケバンクで移動
562,進化・タマゴで入手
562,過去作からポケバンクで移動
563,進化・タマゴで入手
563,過去作からポケバンクで移動
564,『ふたのカセキ』から復元
564,進化・タマゴで入手
564,過去作からポケバンクで移動
565,進化・タマゴで入手
565,過去作からポケバンクで移動
566,『はねのカセキ』から復元
566,進化・タマゴで入手
566,過去作からポケバンクで移動
567,進化・タマゴで入手
567,過去作からポケバンクで移動
568,荒れ果てホテル(ゴミ箱)
568,野生のポケモンを捕まえる
568,進化・タマゴで入手
568,過去作からポケバンクで移動
569,荒れ果てホテル(ゴミ箱)
569,ポケモンの村(ゴミ箱)
569,フレンドサファリ(どく)(2枠目)
569,野生のポケモンを捕まえる
569,進化・タマゴで入手
569,過去作からポケバンクで移動
570,進化・タマゴで入手
570,過去作からポケバンクで移動
571,20番道路
571,ポケモンの村
571,野生のポケモンを捕まえる
571,進化・タマゴで入手
571,過去作からポケバンクで移動
572,フレンドサファリ(ノーマル)(2枠目)
572,進化・タマゴで入手
572,過去作からポケバンクで移動
573,進化・タマゴで入手
573,過去作からポケバンクで移動
574,進化・タマゴで入手
574,過去作からポケバンクで移動
575,20番道路
575,ポケモンの村
575,フレンドサファリ(エスパー)(3枠目)
575,野生のポケモンを捕まえる
575,進化・タマゴで入手
575,過去作からポケバンクで移動
576,進化・タマゴで入手
576,過去作からポケバンクで移動
577,映し身の洞窟
577,野生のポケモンを捕まえる
577,進化・タマゴで入手
577,過去作からポケバンクで移動
578,フレンドサファリ(エスパー)(3枠目)
578,進化・タマゴで入手
578,過去作からポケバンクで移動
579,進化・タマゴで入手
579,過去作からポケバンクで移動
580,7番道路
580,野生のポケモンを捕まえる
580,進化・タマゴで入手
580,過去作からポケバンクで移動
581,フレンドサファリ(ひこう)(2枠目)
581,進化・タマゴで入手
581,過去作からポケバンクで移動
582,フロストケイブ(群れ)
582,野生のポケモンを捕まえる
582,進化・タマゴで入手
582,過去作からポケバンクで移動
583,進化・タマゴで入手
583,過去作からポケバンクで移動
584,進化・タマゴで入手
584,過去作からポケバンクで移動
585,進化・タマゴで入手
585,過去作からポケバンクで移動
586,フレンドサファリ(くさ)(2枠目)
586,進化・タマゴで入手
586,過去作からポケバンクで移動
587,10番道路
587,フレンドサファリ(でんき)(1枠目)
587,野生のポケモンを捕まえる
587,過去作からポケバンクで移動
588,14番道路
588,14番道路(沼)
588,19番道路
588,19番道路(沼)
588,野生のポケモンを捕まえる
588,進化・タマゴで入手
588,過去作からポケバンクで移動
589,進化・タマゴで入手
589,過去作からポケバンクで移動
590,15番道路
590,15番道路(群れ)
590,16番道路
590,16番道路(群れ)
590,20番道路(群れ)
590,ポケモンの村(群れ)
590,野生のポケモンを捕まえる
590,進化・タマゴで入手
590,過去作からポケバンクで移動
591,20番道路
591,ポケモンの村
591,野生のポケモンを捕まえる
591,進化・タマゴで入手
591,過去作からポケバンクで移動
592,進化・タマゴで入手
592,過去作からポケバンクで移動
593,進化・タマゴで入手
593,過去作からポケバンクで移動
594,シャラシティ(すごい釣り)
594,アズール湾(すごい釣り)
594,野生のポケモンを捕まえる
594,過去作からポケバンクで移動
595,進化・タマゴで入手
595,過去作からポケバンクで移動
596,フレンドサファリ(でんき)(3枠目)
596,進化・タマゴで入手
596,過去作からポケバンクで移動
597,輝きの洞窟(最奥)
597,映し身の洞窟(飛び出し)
597,フレンドサファリ(はがね)(1枠目)
597,野生のポケモンを捕まえる
597,進化・タマゴで入手
597,過去作からポケバンクで移動
598,進化・タマゴで入手
598,過去作からポケバンクで移動
599,進化・タマゴで入手
599,過去作からポケバンクで移動
600,フレンドサファリ(はがね)(2枠目)
600,進化・タマゴで入手
600,過去作からポケバンクで移動
601,進化・タマゴで入手
601,過去作からポケバンクで移動
602,進化・タマゴで入手
602,過去作からポケバンクで移動
603,進化・タマゴで入手
603,過去作からポケバンクで移動
604,進化・タマゴで入手
604,過去作からポケバンクで移動
605,進化・タマゴで入手
605,過去作からポケバンクで移動
606,進化・タマゴで入手
606,過去作からポケバンクで移動
607,荒れ果てホテル
607,野生のポケモンを捕まえる
607,進化・タマゴで入手
607,過去作からポケバンクで移動
608,フレンドサファリ(ゴースト)(1枠目)
608,進化・タマゴで入手
608,過去作からポケバンクで移動
609,進化・タマゴで入手
609,過去作からポケバンクで移動
610,地つなぎの洞穴
610,地つなぎの洞穴(群れ)
610,野生のポケモンを捕まえる
610,進化・タマゴで入手
610,過去作からポケバンクで移動
611,フレンドサファリ(ドラゴン)(1枠目)
611,進化・タマゴで入手
611,過去作からポケバンクで移動
612,進化・タマゴで入手
612,過去作からポケバンクで移動
613,フロストケイブ(群れ)
613,野生のポケモンを捕まえる
613,進化・タマゴで入手
613,過去作からポケバンクで移動
614,フロストケイブ
614,フレンドサファリ(こおり)(2枠目)
614,野生のポケモンを捕まえる
614,進化・タマゴで入手
614,過去作からポケバンクで移動
615,フロストケイブ
615,野生のポケモンを捕まえる
615,過去作からポケバンクで移動
616,14番道路
616,14番道路(沼)
616,19番道路
616,19番道路(沼)
616,野生のポケモンを捕まえる
616,進化・タマゴで入手
616,過去作からポケバンクで移動
617,進化・タマゴで入手
617,過去作からポケバンクで移動
618,14番道路(沼)
618,14番道路(水上)
618,19番道路(沼)
618,19番道路(水上)
618,フレンドサファリ(でんき)(2枠目)
618,野生のポケモンを捕まえる
618,過去作からポケバンクで移動
619,8番道路
619,フレンドサファリ(かくとう)(1枠目)
619,野生のポケモンを捕まえる
619,進化・タマゴで入手
619,過去作からポケバンクで移動
620,進化・タマゴで入手
620,過去作からポケバンクで移動
621,チャンピオンロード
621,フレンドサファリ(ドラゴン)(3枠目)
621,野生のポケモンを捕まえる
621,過去作からポケバンクで移動
622,10番道路
622,野生のポケモンを捕まえる
622,進化・タマゴで入手
622,過去作からポケバンクで移動
623,フレンドサファリ(ゴースト)(3枠目)
623,進化・タマゴで入手
623,過去作からポケバンクで移動
624,15番道路
624,荒れ果てホテル
624,フレンドサファリ(あく)(1枠目)
624,野生のポケモンを捕まえる
624,進化・タマゴで入手
624,過去作からポケバンクで移動
625,エイセツシティでプリンと交換で入手
625,進化・タマゴで入手
625,過去作からポケバンクで移動
626,過去作からポケバンクで移動
627,フレンドサファリ(ひこう)(3枠目)
627,進化・タマゴで入手
627,過去作からポケバンクで移動
628,進化・タマゴで入手
628,過去作からポケバンクで移動
629,フレンドサファリ(あく)(1枠目)
629,進化・タマゴで入手
629,過去作からポケバンクで移動
630,進化・タマゴで入手
630,過去作からポケバンクで移動
631,18番道路
631,18番道路(群れ)
631,18番道路(飛び出し)
631,野生のポケモンを捕まえる
631,過去作からポケバンクで移動
632,18番道路
632,18番道路(群れ)
632,18番道路(飛び出し)
632,終の洞窟
632,終の洞窟(群れ)
632,野生のポケモンを捕まえる
632,過去作からポケバンクで移動
633,進化・タマゴで入手
633,過去作からポケバンクで移動
634,チャンピオンロード
634,野生のポケモンを捕まえる
634,進化・タマゴで入手
634,過去作からポケバンクで移動
635,チャンピオンロード(外・飛び出し)
635,野生のポケモンを捕まえる
635,進化・タマゴで入手
635,過去作からポケバンクで移動
636,フレンドサファリ(ほのお)(2枠目)
636,進化・タマゴで入手
636,過去作からポケバンクで移動
637,進化・タマゴで入手
637,過去作からポケバンクで移動
638,過去作からポケバンクで移動
639,過去作からポケバンクで移動
640,過去作からポケバンクで移動
641,過去作からポケバンクで移動
642,過去作からポケバンクで移動
643,過去作からポケバンクで移動
644,過去作からポケバンクで移動
645,過去作からポケバンクで移動
646,過去作からポケバンクで移動
647,過去作からポケバンクで移動
648,過去作からポケバンクで移動
649,過去作からポケバンクで移動
650,最初のポケモン
650,最初にフォッコを選んだ場合、クリア後にサナから交換でもらう
650,進化・タマゴで入手
651,フレンドサファリ(くさ)(3枠目)
651,進化・タマゴで入手
652,進化・タマゴで入手
653,最初のポケモン
653,最初にケロマツを選んだ場合、クリア後にサナから交換でもらう
653,進化・タマゴで入手
654,フレンドサファリ(ほのお)(3枠目)
654,進化・タマゴで入手
655,進化・タマゴで入手
656,最初のポケモン
656,最初にハリマロンを選んだ場合、クリア後にサナから交換でもらう
656,進化・タマゴで入手
657,フレンドサファリ(みず)(3枠目)
657,進化・タマゴで入手
658,進化・タマゴで入手
659,2番道路
659,3番道路
659,5番道路
659,22番道路
659,野生のポケモンを捕まえる
659,進化・タマゴで入手
660,22番道路(黄色花畑)
660,フレンドサファリ(じめん)(3枠目)
660,野生のポケモンを捕まえる
660,進化・タマゴで入手
661,2番道路
661,3番道路
661,ハクダンの森
661,野生のポケモンを捕まえる
661,進化・タマゴで入手
662,フレンドサファリ(ひこう)(3枠目)
662,進化・タマゴで入手
663,進化・タマゴで入手
664,2番道路
664,ハクダンの森
664,野生のポケモンを捕まえる
664,進化・タマゴで入手
665,進化・タマゴで入手
666,フレンドサファリ(むし)(3枠目)
666,進化・タマゴで入手
667,22番道路
667,野生のポケモンを捕まえる
667,進化・タマゴで入手
668,フレンドサファリ(ほのお)(2枠目)
668,進化・タマゴで入手
669,4番道路
669,7番道路
669,野生のポケモンを捕まえる
669,進化・タマゴで入手
670,フレンドサファリ(フェアリー)(3枠目)
670,進化・タマゴで入手
671,進化・タマゴで入手
672,5番道路
672,野生のポケモンを捕まえる
672,進化・タマゴで入手
673,フレンドサファリ(くさ)(3枠目)
673,進化・タマゴで入手
674,5番道路
674,フレンドサファリ(かくとう)(2枠目)
674,野生のポケモンを捕まえる
674,進化・タマゴで入手
675,進化・タマゴで入手
676,5番道路
676,野生のポケモンを捕まえる
677,6番道路
677,フレンドサファリ(エスパー)(2枠目)
677,野生のポケモンを捕まえる
677,進化・タマゴで入手
678,進化・タマゴで入手
679,6番道路
679,野生のポケモンを捕まえる
679,進化・タマゴで入手
680,進化・タマゴで入手
681,進化・タマゴで入手
682,7番道路(Yのみ)
682,フレンドサファリ(フェアリー)(2枠目)
682,野生のポケモンを捕まえる
682,進化・タマゴで入手
683,進化・タマゴで入手
684,7番道路(Xのみ)
684,フレンドサファリ(フェアリー)(2枠目)
684,野生のポケモンを捕まえる
684,進化・タマゴで入手
685,進化・タマゴで入手
686,8番道路
686,アズール湾
686,フレンドサファリ(あく)(3枠目)
686,野生のポケモンを捕まえる
686,進化・タマゴで入手
687,進化・タマゴで入手
688,8番道路(岩砕き)
688,12番道路(岩砕き)
688,コウジンタウン(岩砕き)
688,アズール湾(岩砕き)
688,野生のポケモンを捕まえる
688,進化・タマゴで入手
689,フレンドサファリ(いわ)(3枠目)
689,進化・タマゴで入手
690,8番道路(いい釣り)(Yのみ)
690,コウジンタウン(いい釣り)(Yのみ)
690,ショウヨウシティ(いい釣り)(Yのみ)
690,野生のポケモンを捕まえる
690,進化・タマゴで入手
691,8番道路(すごい釣り)(Yのみ)
691,コウジンタウン(すごい釣り)(Yのみ)
691,ショウヨウシティ(すごい釣り)(Yのみ)
691,野生のポケモンを捕まえる
691,進化・タマゴで入手
692,8番道路(いい釣り)(Xのみ)
692,コウジンタウン(いい釣り)(Xのみ)
692,ショウヨウシティ(いい釣り)(Xのみ)
692,野生のポケモンを捕まえる
692,進化・タマゴで入手
693,8番道路(すごい釣り)(Xのみ)
693,コウジンタウン(すごい釣り)(Xのみ)
693,ショウヨウシティ(すごい釣り)(Xのみ)
693,野生のポケモンを捕まえる
693,進化・タマゴで入手
694,9番道路
694,フレンドサファリ(でんき)(2枠目)
694,野生のポケモンを捕まえる
694,進化・タマゴで入手
695,進化・タマゴで入手
696,進化・タマゴで入手
697,進化・タマゴで入手
698,進化・タマゴで入手
699,進化・タマゴで入手
700,シャワーズシャワーズ
700,進化・タマゴで入手
701,10番道路
701,フレンドサファリ(ひこう)(3枠目)
701,野生のポケモンを捕まえる
702,11番道路
702,フレンドサファリ(でんき)(1枠目)
702,野生のポケモンを捕まえる
703,映し身の洞窟
703,野生のポケモンを捕まえる
704,14番道路
704,14番道路(沼)
704,14番道路(水上)
704,野生のポケモンを捕まえる
704,進化・タマゴで入手
705,19番道路
705,19番道路(水上)
705,フレンドサファリ(ドラゴン)(3枠目)
705,野生のポケモンを捕まえる
705,進化・タマゴで入手
706,進化・タマゴで入手
707,15番道路
707,15番道路(群れ)
707,16番道路
707,16番道路(群れ)
707,荒れ果てホテル
707,フレンドサファリ(はがね)(3枠目)
707,野生のポケモンを捕まえる
708,16番道路
708,フレンドサファリ(ゴースト)(2枠目)
708,野生のポケモンを捕まえる
708,進化・タマゴで入手
709,20番道路
709,20番道路(群れ)
709,野生のポケモンを捕まえる
709,進化・タマゴで入手
710,16番道路(長い草)
710,フレンドサファリ(ゴースト)(2枠目)
710,野生のポケモンを捕まえる
710,進化・タマゴで入手
711,進化・タマゴで入手
712,フロストケイブ
712,フレンドサファリ(こおり)(2枠目)
712,野生のポケモンを捕まえる
712,進化・タマゴで入手
713,進化・タマゴで入手
714,終の洞窟(飛び出し)
714,チャンピオンロード(飛び出し)
714,フレンドサファリ(ドラゴン)(2枠目)
714,野生のポケモンを捕まえる
714,進化・タマゴで入手
715,進化・タマゴで入手
716,フレア団秘密基地(シンボル)(Xのみ)
717,フレア団秘密基地(シンボル)(Yのみ)
718,クリア後、終の洞窟(シンボル)
719,映画
720,イベント
721,イベント
