1,105万タイプ 
2,105万タイプ 
3,105万タイプ 
4,105万タイプ 
5,105万タイプ 
6,105万タイプ 
7,105万タイプ 
8,105万タイプ 
9,105万タイプ 
10,100万タイプ 
11,100万タイプ 
12,100万タイプ 
13,100万タイプ 
14,100万タイプ 
15,100万タイプ 
16,105万タイプ 
17,105万タイプ 
18,105万タイプ 
19,100万タイプ 
20,100万タイプ 
21,100万タイプ 
22,100万タイプ 
23,100万タイプ 
24,100万タイプ 
25,100万タイプ 
26,100万タイプ 
27,100万タイプ 
28,100万タイプ 
29,105万タイプ 
30,105万タイプ 
31,105万タイプ 
32,105万タイプ 
33,105万タイプ 
34,105万タイプ 
35,80万タイプ 
36,80万タイプ 
37,100万タイプ 
38,100万タイプ 
39,80万タイプ 
40,80万タイプ 
41,100万タイプ 
42,100万タイプ 
43,105万タイプ 
44,105万タイプ 
45,105万タイプ 
46,100万タイプ 
47,100万タイプ 
48,100万タイプ 
49,100万タイプ 
50,100万タイプ 
51,100万タイプ 
52,100万タイプ 
53,100万タイプ 
54,100万タイプ 
55,100万タイプ 
56,100万タイプ 
57,100万タイプ 
58,125万タイプ 
59,125万タイプ 
60,105万タイプ 
61,105万タイプ 
62,105万タイプ 
63,105万タイプ 
64,105万タイプ 
65,105万タイプ 
66,105万タイプ 
67,105万タイプ 
68,105万タイプ 
69,105万タイプ 
70,105万タイプ 
71,105万タイプ 
72,125万タイプ 
73,125万タイプ 
74,105万タイプ 
75,105万タイプ 
76,105万タイプ 
77,100万タイプ 
78,100万タイプ 
79,100万タイプ 
80,100万タイプ 
81,100万タイプ 
82,100万タイプ 
83,100万タイプ 
84,100万タイプ 
85,100万タイプ 
86,100万タイプ 
87,100万タイプ 
88,100万タイプ 
89,100万タイプ 
90,125万タイプ 
91,125万タイプ 
92,105万タイプ 
93,105万タイプ 
94,105万タイプ 
95,100万タイプ 
96,100万タイプ 
97,100万タイプ 
98,100万タイプ 
99,100万タイプ 
100,100万タイプ 
101,100万タイプ 
102,125万タイプ 
103,125万タイプ 
104,100万タイプ 
105,100万タイプ 
106,100万タイプ 
107,100万タイプ 
108,100万タイプ 
109,100万タイプ 
110,100万タイプ 
111,125万タイプ 
112,125万タイプ 
113,80万タイプ 
114,100万タイプ 
115,100万タイプ 
116,100万タイプ 
117,100万タイプ 
118,100万タイプ 
119,100万タイプ 
120,125万タイプ 
121,125万タイプ 
122,100万タイプ 
123,100万タイプ 
124,100万タイプ 
125,100万タイプ 
126,100万タイプ 
127,125万タイプ 
128,125万タイプ 
129,125万タイプ 
130,125万タイプ 
131,125万タイプ 
132,100万タイプ 
133,100万タイプ 
134,100万タイプ 
135,100万タイプ 
136,100万タイプ 
137,100万タイプ 
138,100万タイプ 
139,100万タイプ 
140,100万タイプ 
141,100万タイプ 
142,125万タイプ 
143,125万タイプ 
144,125万タイプ 
145,125万タイプ 
146,125万タイプ 
147,125万タイプ 
148,125万タイプ 
149,125万タイプ 
150,125万タイプ 
151,105万タイプ 
152,105万タイプ 
153,105万タイプ 
154,105万タイプ 
155,105万タイプ 
156,105万タイプ 
157,105万タイプ 
158,105万タイプ 
159,105万タイプ 
160,105万タイプ 
161,100万タイプ 
162,100万タイプ 
163,100万タイプ 
164,100万タイプ 
165,80万タイプ 
166,80万タイプ 
167,80万タイプ 
168,80万タイプ 
169,100万タイプ 
170,125万タイプ 
171,125万タイプ 
172,100万タイプ 
173,80万タイプ 
174,80万タイプ 
175,80万タイプ 
176,80万タイプ 
177,100万タイプ 
178,100万タイプ 
179,105万タイプ 
180,105万タイプ 
181,105万タイプ 
182,105万タイプ 
183,80万タイプ 
184,80万タイプ 
185,100万タイプ 
186,105万タイプ 
187,105万タイプ 
188,105万タイプ 
189,105万タイプ 
190,80万タイプ 
191,105万タイプ 
192,105万タイプ 
193,100万タイプ 
194,100万タイプ 
195,100万タイプ 
196,100万タイプ 
197,100万タイプ 
198,105万タイプ 
199,100万タイプ 
200,80万タイプ 
201,100万タイプ 
202,100万タイプ 
203,100万タイプ 
204,100万タイプ 
205,100万タイプ 
206,100万タイプ 
207,105万タイプ 
208,100万タイプ 
209,80万タイプ 
210,80万タイプ 
211,100万タイプ 
212,100万タイプ 
213,105万タイプ 
214,125万タイプ 
215,105万タイプ 
216,100万タイプ 
217,100万タイプ 
218,100万タイプ 
219,100万タイプ 
220,125万タイプ 
221,125万タイプ 
222,80万タイプ 
223,100万タイプ 
224,100万タイプ 
225,80万タイプ 
226,125万タイプ 
227,125万タイプ 
228,125万タイプ 
229,125万タイプ 
230,100万タイプ 
231,100万タイプ 
232,100万タイプ 
233,100万タイプ 
234,125万タイプ 
235,80万タイプ 
236,100万タイプ 
237,100万タイプ 
238,100万タイプ 
239,100万タイプ 
240,100万タイプ 
241,125万タイプ 
242,80万タイプ 
243,125万タイプ 
244,125万タイプ 
245,125万タイプ 
246,125万タイプ 
247,125万タイプ 
248,125万タイプ 
249,125万タイプ 
250,125万タイプ 
251,105万タイプ 
252,105万タイプ 
253,105万タイプ 
254,105万タイプ 
255,105万タイプ 
256,105万タイプ 
257,105万タイプ 
258,105万タイプ 
259,105万タイプ 
260,105万タイプ 
261,100万タイプ 
262,100万タイプ 
263,100万タイプ 
264,100万タイプ 
265,100万タイプ 
266,100万タイプ 
267,100万タイプ 
268,100万タイプ 
269,100万タイプ 
270,105万タイプ 
271,105万タイプ 
272,105万タイプ 
273,105万タイプ 
274,105万タイプ 
275,105万タイプ 
276,105万タイプ 
277,105万タイプ 
278,100万タイプ 
279,100万タイプ 
280,125万タイプ 
281,125万タイプ 
282,125万タイプ 
283,100万タイプ 
284,100万タイプ 
285,164万タイプ 
286,164万タイプ 
287,125万タイプ 
288,125万タイプ 
289,125万タイプ 
290,60万タイプ 
291,60万タイプ 
292,60万タイプ 
293,105万タイプ 
294,105万タイプ 
295,105万タイプ 
296,164万タイプ 
297,164万タイプ 
298,80万タイプ 
299,100万タイプ 
300,80万タイプ 
301,80万タイプ 
302,105万タイプ 
303,80万タイプ 
304,125万タイプ 
305,125万タイプ 
306,125万タイプ 
307,100万タイプ 
308,100万タイプ 
309,125万タイプ 
310,125万タイプ 
311,100万タイプ 
312,100万タイプ 
313,60万タイプ 
314,164万タイプ 
315,105万タイプ 
316,164万タイプ 
317,164万タイプ 
318,125万タイプ 
319,125万タイプ 
320,164万タイプ 
321,164万タイプ 
322,100万タイプ 
323,100万タイプ 
324,100万タイプ 
325,80万タイプ 
326,80万タイプ 
327,80万タイプ 
328,105万タイプ 
329,105万タイプ 
330,105万タイプ 
331,105万タイプ 
332,105万タイプ 
333,60万タイプ 
334,60万タイプ 
335,60万タイプ 
336,164万タイプ 
337,80万タイプ 
338,80万タイプ 
339,100万タイプ 
340,100万タイプ 
341,164万タイプ 
342,164万タイプ 
343,100万タイプ 
344,100万タイプ 
345,60万タイプ 
346,60万タイプ 
347,60万タイプ 
348,60万タイプ 
349,60万タイプ 
350,60万タイプ 
351,100万タイプ 
352,105万タイプ 
353,80万タイプ 
354,80万タイプ 
355,80万タイプ 
356,80万タイプ 
357,125万タイプ 
358,80万タイプ 
359,105万タイプ 
360,100万タイプ 
361,100万タイプ 
362,100万タイプ 
363,105万タイプ 
364,105万タイプ 
365,105万タイプ 
366,60万タイプ 
367,60万タイプ 
368,60万タイプ 
369,125万タイプ 
370,80万タイプ 
371,125万タイプ 
372,125万タイプ 
373,125万タイプ 
374,125万タイプ 
375,125万タイプ 
376,125万タイプ 
377,125万タイプ 
378,125万タイプ 
379,125万タイプ 
380,125万タイプ 
381,125万タイプ 
382,125万タイプ 
383,125万タイプ 
384,125万タイプ 
385,125万タイプ 
386,125万タイプ 
387,105万タイプ 
388,105万タイプ 
389,105万タイプ 
390,105万タイプ 
391,105万タイプ 
392,105万タイプ 
393,105万タイプ 
394,105万タイプ 
395,105万タイプ 
396,105万タイプ 
397,105万タイプ 
398,105万タイプ 
399,100万タイプ 
400,100万タイプ 
401,105万タイプ 
402,105万タイプ 
403,105万タイプ 
404,105万タイプ 
405,105万タイプ 
406,105万タイプ 
407,105万タイプ 
408,60万タイプ 
409,60万タイプ 
410,60万タイプ 
411,60万タイプ 
412,100万タイプ 
413,100万タイプ 
414,100万タイプ 
415,105万タイプ 
416,105万タイプ 
417,100万タイプ 
418,100万タイプ 
419,100万タイプ 
420,100万タイプ 
421,100万タイプ 
422,100万タイプ 
423,100万タイプ 
424,80万タイプ 
425,164万タイプ 
426,164万タイプ 
427,100万タイプ 
428,100万タイプ 
429,80万タイプ 
430,105万タイプ 
431,80万タイプ 
432,80万タイプ 
433,80万タイプ 
434,100万タイプ 
435,100万タイプ 
436,100万タイプ 
437,100万タイプ 
438,100万タイプ 
439,100万タイプ 
440,80万タイプ 
441,105万タイプ 
442,100万タイプ 
443,125万タイプ 
444,125万タイプ 
445,125万タイプ 
446,125万タイプ 
447,105万タイプ 
448,105万タイプ 
449,125万タイプ 
450,125万タイプ 
451,125万タイプ 
452,125万タイプ 
453,100万タイプ 
454,100万タイプ 
455,125万タイプ 
456,60万タイプ 
457,60万タイプ 
458,125万タイプ 
459,125万タイプ 
460,125万タイプ 
461,105万タイプ 
462,100万タイプ 
463,100万タイプ 
464,125万タイプ 
465,100万タイプ 
466,100万タイプ 
467,100万タイプ 
468,80万タイプ 
469,100万タイプ 
470,100万タイプ 
471,100万タイプ 
472,105万タイプ 
473,125万タイプ 
474,100万タイプ 
475,125万タイプ 
476,100万タイプ 
477,80万タイプ 
478,100万タイプ 
479,100万タイプ 
480,125万タイプ 
481,125万タイプ 
482,125万タイプ 
483,125万タイプ 
484,125万タイプ 
485,125万タイプ 
486,125万タイプ 
487,125万タイプ 
488,125万タイプ 
489,125万タイプ 
490,125万タイプ 
491,125万タイプ 
492,105万タイプ 
493,125万タイプ 
494,125万タイプ 
495,105万タイプ 
496,105万タイプ 
497,105万タイプ 
498,105万タイプ 
499,105万タイプ 
500,105万タイプ 
501,105万タイプ 
502,105万タイプ 
503,105万タイプ 
504,100万タイプ 
505,100万タイプ 
506,105万タイプ 
507,105万タイプ 
508,105万タイプ 
509,100万タイプ 
510,100万タイプ 
511,100万タイプ 
512,100万タイプ 
513,100万タイプ 
514,100万タイプ 
515,100万タイプ 
516,100万タイプ 
517,80万タイプ 
518,80万タイプ 
519,105万タイプ 
520,105万タイプ 
521,105万タイプ 
522,100万タイプ 
523,100万タイプ 
524,105万タイプ 
525,105万タイプ 
526,105万タイプ 
527,100万タイプ 
528,100万タイプ 
529,100万タイプ 
530,100万タイプ 
531,80万タイプ 
532,105万タイプ 
533,105万タイプ 
534,105万タイプ 
535,105万タイプ 
536,105万タイプ 
537,105万タイプ 
538,100万タイプ 
539,100万タイプ 
540,105万タイプ 
541,105万タイプ 
542,105万タイプ 
543,105万タイプ 
544,105万タイプ 
545,105万タイプ 
546,100万タイプ 
547,100万タイプ 
548,100万タイプ 
549,100万タイプ 
550,100万タイプ 
551,105万タイプ 
552,105万タイプ 
553,105万タイプ 
554,105万タイプ 
555,105万タイプ 
556,100万タイプ 
557,100万タイプ 
558,100万タイプ 
559,100万タイプ 
560,100万タイプ 
561,100万タイプ 
562,100万タイプ 
563,100万タイプ 
564,100万タイプ 
565,100万タイプ 
566,100万タイプ 
567,100万タイプ 
568,100万タイプ 
569,100万タイプ 
570,105万タイプ 
571,105万タイプ 
572,80万タイプ 
573,80万タイプ 
574,105万タイプ 
575,105万タイプ 
576,105万タイプ 
577,105万タイプ 
578,105万タイプ 
579,105万タイプ 
580,100万タイプ 
581,100万タイプ 
582,125万タイプ 
583,125万タイプ 
584,125万タイプ 
585,100万タイプ 
586,100万タイプ 
587,100万タイプ 
588,100万タイプ 
589,100万タイプ 
590,100万タイプ 
591,100万タイプ 
592,100万タイプ 
593,100万タイプ 
594,80万タイプ 
595,100万タイプ 
596,100万タイプ 
597,100万タイプ 
598,100万タイプ 
599,105万タイプ 
600,105万タイプ 
601,105万タイプ 
602,125万タイプ 
603,125万タイプ 
604,125万タイプ 
605,100万タイプ 
606,100万タイプ 
607,105万タイプ 
608,105万タイプ 
609,105万タイプ 
610,125万タイプ 
611,125万タイプ 
612,125万タイプ 
613,100万タイプ 
614,100万タイプ 
615,100万タイプ 
616,100万タイプ 
617,100万タイプ 
618,100万タイプ 
619,105万タイプ 
620,105万タイプ 
621,100万タイプ 
622,100万タイプ 
623,100万タイプ 
624,100万タイプ 
625,100万タイプ 
626,100万タイプ 
627,125万タイプ 
628,125万タイプ 
629,125万タイプ 
630,125万タイプ 
631,100万タイプ 
632,100万タイプ 
633,125万タイプ 
634,125万タイプ 
635,125万タイプ 
636,125万タイプ 
637,125万タイプ 
638,125万タイプ 
639,125万タイプ 
640,125万タイプ 
641,125万タイプ 
642,125万タイプ 
643,125万タイプ 
644,125万タイプ 
645,125万タイプ 
646,125万タイプ 
647,125万タイプ 
648,125万タイプ 
649,125万タイプ 
650,105万タイプ 
651,105万タイプ 
652,105万タイプ 
653,105万タイプ 
654,105万タイプ 
655,105万タイプ 
656,105万タイプ 
657,105万タイプ 
658,105万タイプ 
659,100万タイプ 
660,100万タイプ 
661,105万タイプ 
662,105万タイプ 
663,105万タイプ 
664,100万タイプ 
665,100万タイプ 
666,100万タイプ 
667,105万タイプ 
668,105万タイプ 
669,100万タイプ 
670,100万タイプ 
671,100万タイプ 
672,100万タイプ 
673,100万タイプ 
674,100万タイプ 
675,100万タイプ 
676,100万タイプ 
677,100万タイプ 
678,100万タイプ 
679,100万タイプ 
680,100万タイプ 
681,100万タイプ 
682,100万タイプ 
683,100万タイプ 
684,100万タイプ 
685,100万タイプ 
686,100万タイプ 
687,100万タイプ 
688,100万タイプ 
689,100万タイプ 
690,100万タイプ 
691,100万タイプ 
692,125万タイプ 
693,125万タイプ 
694,100万タイプ 
695,100万タイプ 
696,100万タイプ 
697,100万タイプ 
698,100万タイプ 
699,100万タイプ 
700,100万タイプ 
701,100万タイプ 
702,100万タイプ 
703,125万タイプ 
704,125万タイプ 
705,125万タイプ 
706,125万タイプ 
707,80万タイプ 
708,100万タイプ 
709,100万タイプ 
710,100万タイプ 
711,100万タイプ 
712,100万タイプ 
713,100万タイプ 
714,100万タイプ 
715,100万タイプ 
716,125万タイプ 
717,125万タイプ 
718,125万タイプ
719,125万タイプ 
720,125万タイプ 
721,125万タイプ 
